company_id,flight_number,scheduled_departure_date_local,scheduled_departure_station_code,scheduled_arrival_station_code,scheduled_departure_datetime_local,scheduled_arrival_datetime_local,actual_departure_datetime_local,actual_arrival_datetime_local,total_seats,fleet_type,carrier,scheduled_ground_time_minutes,actual_ground_time_minutes,minimum_turn_minutes,sched_dep_hour,total_pax,lap_child_count,basic_economy_pax,child_count,stroller_users,pnr_count,ssr_total,ssr_wheelchair,ssr_umnr,ssr_medical,ssr_blind,ssr_deaf,ssr_pet,total_bags,transfer_bags,slack_minutes,neg_slack_minutes,pax_load_factor,transfer_bag_ratio,special_needs_numer,special_needs_ratio,wheelchair_ratio,umnr_ratio,medical_ratio,blind_ratio,deaf_ratio,pet_ratio,departure_delay_minutes,arrival_delay_minutes,day,neg_slack_minutes_pr,pax_load_factor_pr,transfer_bag_ratio_pr,special_needs_ratio_pr,basic_econ_ratio_pr,difficulty_score,daily_rank,difficulty_class
OO,4748,2025-08-01,ORD,ATW,2025-08-01 20:20:00+00:00,2025-08-01 21:35:00+00:00,2025-08-01 21:00:00+00:00,2025-08-01 22:02:00+00:00,50,CRJ-550,Express,3,39,29,20,52,1,0,2,0,29,2,0,0,0,0,0,0,59.0,49.0,-26,26,1.0,0.8305084745762712,5,0.09615384615384616,0.0,0.0,0.0,0.0,0.0,0.0,40.0,27.0,2025-08-01,0.9625668449197861,0.6051693404634582,0.8163992869875223,0.8502673796791443,0.0,0.7487522281639929,1.0,Difficult
OO,5376,2025-08-01,ORD,LEX,2025-08-01 14:30:00+00:00,2025-08-01 17:01:00+00:00,2025-08-01 17:39:00+00:00,2025-08-01 19:47:00+00:00,70,ERJ-175,Express,-159,40,34,14,74,0,0,3,0,47,3,0,0,0,0,0,0,72.0,61.0,-193,193,1.0,0.8472222222222222,6,0.08108108108108109,0.0,0.0,0.0,0.0,0.0,0.0,189.0,166.0,2025-08-01,0.9982174688057041,0.6051693404634582,0.8360071301247772,0.6987522281639929,0.0,0.7424242424242425,2.0,Difficult
UA,1811,2025-08-01,ORD,MSP,2025-08-01 12:45:00+00:00,2025-08-01 14:28:00+00:00,2025-08-01 13:39:00+00:00,2025-08-01 15:01:00+00:00,166,B737-800,Mainline,14,64,51,12,201,0,0,14,2,119,14,0,0,0,0,0,0,175.0,126.0,-37,37,1.0,0.72,30,0.14925373134328357,0.0,0.0,0.0,0.0,0.0,0.0,54.0,33.0,2025-08-01,0.9696969696969697,0.6051693404634582,0.6488413547237076,0.9928698752228164,0.0,0.7391265597147949,3.0,Difficult
UA,1495,2025-08-01,ORD,TVC,2025-08-01 21:13:00+00:00,2025-08-01 23:36:00+00:00,2025-08-01 22:11:00+00:00,2025-08-02 00:17:00+00:00,166,B737-800,Mainline,63,53,51,21,217,3,0,13,3,116,2,0,0,0,0,0,0,99.0,95.0,12,-12,1.0,0.9595959595959596,21,0.0967741935483871,0.0,0.0,0.0,0.0,0.0,0.0,58.0,41.0,2025-08-01,0.8163992869875223,0.6051693404634582,0.9696969696969697,0.8591800356506238,0.0,0.729590017825312,4.0,Difficult
OO,6004,2025-08-01,ORD,SUN,2025-08-01 19:35:00+00:00,2025-08-01 22:36:00+00:00,2025-08-01 20:36:00+00:00,2025-08-01 23:07:00+00:00,70,ERJ-175,Express,40,32,34,19,91,3,0,5,2,47,0,0,0,0,0,0,0,68.0,52.0,6,-6,1.0,0.7647058823529411,10,0.10989010989010989,0.0,0.0,0.0,0.0,0.0,0.0,61.0,31.0,2025-08-01,0.9153297682709447,0.6051693404634582,0.7103386809269162,0.928698752228164,0.0,0.72277183600713,5.0,Difficult
OO,5135,2025-08-01,ORD,MCW,2025-08-01 16:50:00+00:00,2025-08-01 18:20:00+00:00,2025-08-01 18:08:00+00:00,2025-08-01 19:25:00+00:00,50,CRJ-200,Express,-16,30,29,16,58,0,0,5,2,27,0,0,0,0,0,0,0,34.0,20.0,-45,45,1.0,0.5882352941176471,7,0.1206896551724138,0.0,0.0,0.0,0.0,0.0,0.0,78.0,65.0,2025-08-01,0.9750445632798574,0.6051693404634582,0.45454545454545453,0.9590017825311943,0.0,0.6970588235294117,6.0,Difficult
OO,5790,2025-08-01,ORD,CRW,2025-08-01 18:20:00+00:00,2025-08-01 21:04:00+00:00,2025-08-01 19:14:00+00:00,2025-08-01 21:55:00+00:00,50,CRJ-200,Express,-7,36,29,18,54,1,0,2,1,41,2,0,0,0,0,0,0,46.0,28.0,-36,36,1.0,0.6086956521739131,6,0.1111111111111111,0.0,0.0,0.0,0.0,0.0,0.0,54.0,51.0,2025-08-01,0.9679144385026738,0.6051693404634582,0.47771836007130125,0.9322638146167558,0.0,0.695187165775401,7.0,Difficult
UA,2200,2025-08-01,ORD,SEA,2025-08-01 21:16:00+00:00,2025-08-01 23:59:00+00:00,2025-08-01 21:34:00+00:00,2025-08-01 23:45:00+00:00,166,B737-MAX8,Mainline,63,64,51,21,214,4,0,11,3,105,6,0,0,0,0,0,0,102.0,78.0,12,-12,1.0,0.7647058823529411,24,0.11214953271028037,0.0,0.0,0.0,0.0,0.0,0.0,18.0,-14.0,2025-08-01,0.8163992869875223,0.6051693404634582,0.7103386809269162,0.9393939393939394,0.0,0.6897504456327985,8.0,Difficult
YX,3604,2025-08-01,ORD,CMH,2025-08-01 19:35:00+00:00,2025-08-01 22:08:00+00:00,2025-08-01 21:59:00+00:00,2025-08-02 00:28:00+00:00,76,ERJ-175,Express,49,75,39,19,92,0,0,5,2,50,1,0,0,0,0,0,0,42.0,33.0,10,-10,1.0,0.7857142857142857,8,0.08695652173913043,0.0,0.0,0.0,0.0,0.0,0.0,144.0,140.0,2025-08-01,0.8716577540106952,0.6051693404634582,0.7406417112299465,0.768270944741533,0.0,0.6894830659536542,9.0,Difficult
UA,2487,2025-08-01,ORD,PHL,2025-08-01 21:23:00+00:00,2025-08-02 00:30:00+00:00,2025-08-01 21:48:00+00:00,2025-08-02 00:44:00+00:00,179,B737-MAX9,Mainline,63,67,56,21,200,0,0,12,3,120,1,0,0,0,0,0,0,108.0,80.0,7,-7,1.0,0.7407407407407407,16,0.08,0.0,0.0,0.0,0.0,0.0,0.0,25.0,14.0,2025-08-01,0.9099821746880571,0.6051693404634582,0.6836007130124777,0.6862745098039216,0.0,0.6791889483065953,10.0,Difficult
UA,2148,2025-08-01,ORD,SAT,2025-08-01 19:40:00+00:00,2025-08-01 22:38:00+00:00,2025-08-01 20:42:00+00:00,2025-08-01 23:37:00+00:00,150,A320-200,Mainline,45,79,46,19,168,0,0,8,1,102,1,0,0,0,0,0,0,97.0,84.0,-1,1,1.0,0.865979381443299,10,0.05952380952380952,0.0,0.0,0.0,0.0,0.0,0.0,62.0,59.0,2025-08-01,0.9331550802139037,0.6051693404634582,0.8591800356506238,0.38146167557932265,0.0,0.676693404634581,11.0,Difficult
UA,1872,2025-08-01,ORD,MSP,2025-08-01 14:40:00+00:00,2025-08-01 16:19:00+00:00,2025-08-01 15:19:00+00:00,2025-08-01 16:43:00+00:00,150,A320-200,Mainline,57,104,46,14,176,1,0,8,1,108,6,0,0,0,0,0,0,136.0,102.0,11,-11,1.0,0.75,16,0.09090909090909091,0.0,0.0,0.0,0.0,0.0,0.0,39.0,24.0,2025-08-01,0.8458110516934046,0.6051693404634582,0.6942959001782532,0.8048128342245989,0.0,0.6766488413547237,12.0,Difficult
UA,1905,2025-08-01,ORD,PIT,2025-08-01 18:10:00+00:00,2025-08-01 20:51:00+00:00,2025-08-01 18:07:00+00:00,2025-08-01 21:19:00+00:00,150,A320-200,Mainline,60,54,46,18,187,0,0,10,2,113,4,0,0,0,0,0,0,112.0,97.0,14,-14,1.0,0.8660714285714286,16,0.0855614973262032,0.0,0.0,0.0,0.0,0.0,0.0,-3.0,28.0,2025-08-01,0.7647058823529411,0.6051693404634582,0.8609625668449198,0.7557932263814616,0.0,0.6742424242424242,13.0,Difficult
OO,5358,2025-08-01,ORD,CAK,2025-08-01 14:35:00+00:00,2025-08-01 17:09:00+00:00,2025-08-01 15:10:00+00:00,2025-08-01 17:28:00+00:00,50,CRJ-550,Express,-10,25,29,14,52,0,0,2,0,44,1,0,0,0,0,0,0,43.0,35.0,-39,39,1.0,0.813953488372093,3,0.057692307692307696,0.0,0.0,0.0,0.0,0.0,0.0,35.0,19.0,2025-08-01,0.9714795008912656,0.6051693404634582,0.7896613190730838,0.3511586452762923,0.0,0.671657754010695,14.0,Difficult
OO,5901,2025-08-01,ORD,FAR,2025-08-01 16:20:00+00:00,2025-08-01 18:27:00+00:00,2025-08-01 16:22:00+00:00,2025-08-01 18:29:00+00:00,76,ERJ-175,Express,47,61,34,16,87,0,0,4,2,48,1,0,0,0,0,0,0,60.0,50.0,13,-13,1.0,0.8333333333333334,7,0.08045977011494253,0.0,0.0,0.0,0.0,0.0,0.0,2.0,2.0,2025-08-01,0.7896613190730838,0.6051693404634582,0.820855614973262,0.6942959001782532,0.0,0.6657308377896612,15.0,Difficult
G7,4425,2025-08-02,ORD,GRR,2025-08-02 14:00:00+00:00,2025-08-02 16:04:00+00:00,2025-08-02 18:02:00+00:00,2025-08-02 19:45:00+00:00,50,CRJ-550,Express,-185,73,29,14,72,0,0,7,2,29,0,0,0,0,0,0,0,40.0,37.0,-214,214,1.0,0.925,9,0.125,0.0,0.0,0.0,0.0,0.0,0.0,242.0,221.0,2025-08-02,0.9980769230769231,0.5788461538461539,0.8769230769230769,0.875,0.0,0.7717307692307692,1.0,Difficult
OO,5763,2025-08-02,ORD,TUL,2025-08-02 12:45:00+00:00,2025-08-02 14:49:00+00:00,2025-08-02 17:38:00+00:00,2025-08-02 19:24:00+00:00,76,ERJ-175,Express,-265,36,34,12,112,0,0,13,5,46,2,0,0,0,0,0,0,52.0,43.0,-299,299,1.0,0.8269230769230769,20,0.17857142857142858,0.0,0.0,0.0,0.0,0.0,0.0,293.0,275.0,2025-08-02,1.0,0.5788461538461539,0.7461538461538462,0.9923076923076923,0.0,0.7638461538461538,2.0,Difficult
OO,5360,2025-08-02,ORD,MBS,2025-08-02 13:55:00+00:00,2025-08-02 16:10:00+00:00,2025-08-02 14:18:00+00:00,2025-08-02 16:22:00+00:00,50,CRJ-550,Express,40,65,29,13,58,1,0,4,2,41,6,0,0,0,0,0,0,33.0,33.0,11,-11,1.0,1.0,13,0.22413793103448276,0.0,0.0,0.0,0.0,0.0,0.0,23.0,12.0,2025-08-02,0.8134615384615385,0.5788461538461539,0.9836538461538461,1.0,0.0,0.7472115384615385,3.0,Difficult
YX,3699,2025-08-02,ORD,PIT,2025-08-02 18:05:00+00:00,2025-08-02 20:50:00+00:00,2025-08-02 19:34:00+00:00,2025-08-02 21:57:00+00:00,76,ERJ-175,Express,35,36,34,18,99,2,0,5,1,47,4,0,0,0,0,0,0,67.0,63.0,1,-1,1.0,0.9402985074626866,12,0.12121212121212122,0.0,0.0,0.0,0.0,0.0,0.0,89.0,67.0,2025-08-02,0.9125,0.5788461538461539,0.8903846153846153,0.864423076923077,0.0,0.7428846153846154,4.0,Difficult
OO,5323,2025-08-02,ORD,CID,2025-08-02 21:05:00+00:00,2025-08-02 22:24:00+00:00,2025-08-02 21:40:00+00:00,2025-08-02 22:38:00+00:00,76,ERJ-175,Express,40,83,34,21,95,1,0,8,1,38,1,0,0,0,0,0,0,49.0,49.0,6,-6,1.0,1.0,11,0.11578947368421053,0.0,0.0,0.0,0.0,0.0,0.0,35.0,14.0,2025-08-02,0.8798076923076923,0.5788461538461539,0.9836538461538461,0.8115384615384615,0.0,0.7421634615384615,5.0,Difficult
YX,3402,2025-08-02,ORD,YOW,2025-08-02 18:15:00+00:00,2025-08-02 21:35:00+00:00,2025-08-02 18:40:00+00:00,2025-08-02 21:44:00+00:00,76,ERJ-175,Express,61,104,70,18,76,0,0,6,1,40,1,0,0,0,0,0,0,48.0,46.0,-9,9,1.0,0.9583333333333334,8,0.10526315789473684,0.0,0.0,0.0,0.0,0.0,0.0,25.0,9.0,2025-08-02,0.9442307692307692,0.5788461538461539,0.9192307692307692,0.698076923076923,0.0,0.7348076923076923,6.0,Difficult
G7,4497,2025-08-02,ORD,ROA,2025-08-02 14:00:00+00:00,2025-08-02 16:58:00+00:00,2025-08-02 15:12:00+00:00,2025-08-02 17:58:00+00:00,50,CRJ-550,Express,-50,32,29,14,61,2,0,4,1,37,1,0,0,0,0,0,0,52.0,41.0,-79,79,1.0,0.7884615384615384,8,0.13114754098360656,0.0,0.0,0.0,0.0,0.0,0.0,72.0,60.0,2025-08-02,0.9846153846153847,0.5788461538461539,0.6865384615384615,0.9019230769230769,0.0,0.7329807692307693,7.0,Difficult
YX,3706,2025-08-02,ORD,MSN,2025-08-02 15:35:00+00:00,2025-08-02 16:40:00+00:00,2025-08-02 15:31:00+00:00,2025-08-02 16:19:00+00:00,76,ERJ-175,Express,41,53,34,15,94,1,0,8,1,52,0,0,0,0,0,0,0,88.0,85.0,7,-7,1.0,0.9659090909090909,10,0.10638297872340426,0.0,0.0,0.0,0.0,0.0,0.0,-4.0,-21.0,2025-08-02,0.8692307692307693,0.5788461538461539,0.9307692307692308,0.7201923076923077,0.0,0.7141826923076923,8.0,Difficult
OO,5358,2025-08-02,ORD,CAK,2025-08-02 14:35:00+00:00,2025-08-02 17:09:00+00:00,2025-08-02 15:37:00+00:00,2025-08-02 18:10:00+00:00,50,CRJ-550,Express,-10,44,29,14,58,0,0,2,0,38,4,0,0,0,0,0,0,42.0,35.0,-39,39,1.0,0.8333333333333334,6,0.10344827586206896,0.0,0.0,0.0,0.0,0.0,0.0,62.0,61.0,2025-08-02,0.9692307692307692,0.5788461538461539,0.7528846153846154,0.6730769230769231,0.0,0.7065384615384616,9.0,Difficult
OO,5045,2025-08-02,ORD,RHI,2025-08-02 16:35:00+00:00,2025-08-02 17:57:00+00:00,2025-08-02 16:34:00+00:00,2025-08-02 17:54:00+00:00,50,CRJ-200,Express,32,33,29,16,75,1,0,8,3,24,1,0,0,0,0,0,0,43.0,31.0,3,-3,1.0,0.7209302325581395,13,0.17333333333333334,0.0,0.0,0.0,0.0,0.0,0.0,-1.0,-3.0,2025-08-02,0.9076923076923077,0.5788461538461539,0.5855769230769231,0.9884615384615385,0.0,0.6988461538461539,10.0,Difficult
OO,5852,2025-08-02,ORD,HSV,2025-08-02 10:46:00+00:00,2025-08-02 12:37:00+00:00,2025-08-02 13:56:00+00:00,2025-08-02 16:17:00+00:00,70,ERJ-175,Express,-140,37,34,10,81,1,0,5,0,55,3,0,0,0,0,0,0,54.0,37.0,-174,174,1.0,0.6851851851851852,9,0.1111111111111111,0.0,0.0,0.0,0.0,0.0,0.0,190.0,220.0,2025-08-02,0.9942307692307693,0.5788461538461539,0.5307692307692308,0.7759615384615385,0.0,0.6862980769230769,11.0,Difficult
UA,1495,2025-08-02,ORD,TVC,2025-08-02 21:10:00+00:00,2025-08-02 23:33:00+00:00,2025-08-02 21:35:00+00:00,2025-08-02 23:45:00+00:00,179,B737-MAX9,Mainline,68,62,56,21,224,2,0,19,2,113,3,0,0,0,0,0,0,115.0,105.0,12,-12,1.0,0.9130434782608695,26,0.11607142857142858,0.0,0.0,0.0,0.0,0.0,0.0,25.0,12.0,2025-08-02,0.7875,0.5788461538461539,0.8596153846153847,0.8173076923076923,0.0,0.6859134615384616,12.0,Difficult
UA,2226,2025-08-02,ORD,CLE,2025-08-02 14:27:00+00:00,2025-08-02 16:54:00+00:00,2025-08-02 15:07:00+00:00,2025-08-02 17:16:00+00:00,179,B737-900,Mainline,-6,52,56,14,222,2,0,11,1,115,5,0,0,0,0,0,0,122.0,103.0,-62,62,1.0,0.8442622950819673,19,0.08558558558558559,0.0,0.0,0.0,0.0,0.0,0.0,40.0,22.0,2025-08-02,0.9788461538461538,0.5788461538461539,0.7711538461538462,0.4634615384615385,0.0,0.6821153846153846,13.0,Difficult
UA,1941,2025-08-02,ORD,CVG,2025-08-02 14:09:00+00:00,2025-08-02 16:35:00+00:00,2025-08-02 14:43:00+00:00,2025-08-02 17:25:00+00:00,126,B737-700,Mainline,7,48,43,14,156,0,0,8,3,82,2,0,0,0,0,0,0,133.0,117.0,-36,36,1.0,0.8796992481203008,13,0.08333333333333333,0.0,0.0,0.0,0.0,0.0,0.0,34.0,50.0,2025-08-02,0.9644230769230769,0.5788461538461539,0.8134615384615385,0.4403846153846154,0.0,0.6820673076923077,14.0,Difficult
UA,411,2025-08-02,ORD,DTW,2025-08-02 10:39:00+00:00,2025-08-02 13:08:00+00:00,2025-08-02 10:36:00+00:00,2025-08-02 12:49:00+00:00,179,B737-MAX9,Mainline,60,58,56,10,185,0,0,7,1,133,10,0,0,0,0,0,0,110.0,96.0,4,-4,1.0,0.8727272727272727,18,0.0972972972972973,0.0,0.0,0.0,0.0,0.0,0.0,-3.0,-19.0,2025-08-02,0.9,0.5788461538461539,0.8057692307692308,0.5913461538461539,0.0,0.680625,15.0,Difficult
OO,4809,2025-08-03,ORD,ICT,2025-08-03 09:03:00+00:00,2025-08-03 11:21:00+00:00,2025-08-03 10:19:00+00:00,2025-08-03 12:05:00+00:00,76,ERJ-175,Express,-28,30,39,9,81,1,0,4,1,53,3,0,0,0,0,0,0,55.0,46.0,-67,67,1.0,0.8363636363636363,9,0.1111111111111111,0.0,0.0,0.0,0.0,0.0,0.0,76.0,44.0,2025-08-03,0.9890510948905109,0.6012773722627737,0.8394160583941606,0.9114963503649635,0.0,0.7710310218978101,1.0,Difficult
UA,1909,2025-08-03,ORD,TVC,2025-08-03 10:51:00+00:00,2025-08-03 13:06:00+00:00,2025-08-03 10:57:00+00:00,2025-08-03 12:59:00+00:00,179,B737-900,Mainline,30,50,56,10,242,4,0,18,7,121,0,0,0,0,0,0,0,121.0,96.0,-26,26,1.0,0.7933884297520661,29,0.11983471074380166,0.0,0.0,0.0,0.0,0.0,0.0,6.0,-7.0,2025-08-03,0.9653284671532847,0.6012773722627737,0.8065693430656934,0.9397810218978102,0.0,0.7604014598540145,2.0,Difficult
OO,5668,2025-08-03,ORD,MKE,2025-08-03 14:09:00+00:00,2025-08-03 15:10:00+00:00,2025-08-03 14:21:00+00:00,2025-08-03 15:18:00+00:00,50,CRJ-550,Express,40,36,29,14,58,2,0,3,1,38,0,0,0,0,0,0,0,29.0,28.0,11,-11,1.0,0.9655172413793104,6,0.10344827586206896,0.0,0.0,0.0,0.0,0.0,0.0,12.0,8.0,2025-08-03,0.8512773722627737,0.6012773722627737,0.9671532846715328,0.8759124087591241,0.0,0.7430200729927008,3.0,Difficult
OO,5229,2025-08-03,ORD,ILM,2025-08-03 12:03:00+00:00,2025-08-03 15:28:00+00:00,2025-08-03 12:36:00+00:00,2025-08-03 15:36:00+00:00,76,ERJ-175,Express,-12,45,34,12,101,2,0,6,2,50,0,0,0,0,0,0,0,65.0,45.0,-46,46,1.0,0.6923076923076923,10,0.09900990099009901,0.0,0.0,0.0,0.0,0.0,0.0,33.0,8.0,2025-08-03,0.9771897810218978,0.6012773722627737,0.6934306569343066,0.8485401459854015,0.0,0.7282390510948905,4.0,Difficult
YX,3569,2025-08-03,ORD,ALB,2025-08-03 08:45:00+00:00,2025-08-03 12:09:00+00:00,2025-08-03 08:41:00+00:00,2025-08-03 11:41:00+00:00,76,ERJ-175,Express,46,42,39,8,81,2,0,3,0,47,4,0,0,0,0,0,0,75.0,54.0,7,-7,1.0,0.72,9,0.1111111111111111,0.0,0.0,0.0,0.0,0.0,0.0,-4.0,-28.0,2025-08-03,0.9133211678832117,0.6012773722627737,0.7226277372262774,0.9114963503649635,0.0,0.7211678832116789,5.0,Difficult
G7,4504,2025-08-03,ORD,CHA,2025-08-03 08:45:00+00:00,2025-08-03 11:35:00+00:00,2025-08-03 08:47:00+00:00,2025-08-03 11:25:00+00:00,50,CRJ-550,Express,40,51,29,8,55,0,0,4,1,39,1,0,0,0,0,0,0,26.0,19.0,11,-11,1.0,0.7307692307692307,6,0.10909090909090909,0.0,0.0,0.0,0.0,0.0,0.0,2.0,-10.0,2025-08-03,0.8512773722627737,0.6012773722627737,0.7381386861313869,0.9014598540145985,0.0,0.7010492700729927,6.0,Difficult
OO,5712,2025-08-03,ORD,GSP,2025-08-03 13:55:00+00:00,2025-08-03 16:54:00+00:00,2025-08-03 13:52:00+00:00,2025-08-03 17:13:00+00:00,76,ERJ-175,Express,40,43,34,13,82,0,0,4,1,60,3,0,0,0,0,0,0,46.0,31.0,6,-6,1.0,0.6739130434782609,8,0.0975609756097561,0.0,0.0,0.0,0.0,0.0,0.0,-3.0,19.0,2025-08-03,0.9233576642335767,0.6012773722627737,0.635036496350365,0.833941605839416,0.0,0.6955291970802919,7.0,Difficult
UA,2113,2025-08-03,ORD,FSD,2025-08-03 20:08:00+00:00,2025-08-03 22:00:00+00:00,2025-08-03 21:32:00+00:00,2025-08-03 22:56:00+00:00,179,B737-900,Mainline,40,142,119,20,199,0,0,7,1,122,2,0,0,0,0,0,0,72.0,64.0,-79,79,1.0,0.8888888888888888,10,0.05025125628140704,0.0,0.0,0.0,0.0,0.0,0.0,84.0,56.0,2025-08-03,0.9927007299270073,0.6012773722627737,0.8813868613138686,0.31843065693430656,0.0,0.691742700729927,8.0,Difficult
OO,5841,2025-08-03,ORD,MEM,2025-08-03 12:48:00+00:00,2025-08-03 14:46:00+00:00,2025-08-03 12:57:00+00:00,2025-08-03 14:49:00+00:00,70,ERJ-175,Express,15,32,34,12,90,1,0,4,1,55,1,0,0,0,0,0,0,78.0,53.0,-19,19,1.0,0.6794871794871795,7,0.07777777777777778,0.0,0.0,0.0,0.0,0.0,0.0,9.0,3.0,2025-08-03,0.9598540145985401,0.6012773722627737,0.6605839416058394,0.666058394160584,0.0,0.6882299270072992,9.0,Difficult
OO,5131,2025-08-03,ORD,CMX,2025-08-03 16:15:00+00:00,2025-08-03 18:52:00+00:00,2025-08-03 16:14:00+00:00,2025-08-03 18:46:00+00:00,50,CRJ-200,Express,40,54,29,16,57,1,0,3,1,31,1,0,0,0,0,0,0,41.0,28.0,11,-11,1.0,0.6829268292682927,6,0.10526315789473684,0.0,0.0,0.0,0.0,0.0,0.0,-1.0,-6.0,2025-08-03,0.8512773722627737,0.6012773722627737,0.666058394160584,0.8822992700729927,0.0,0.6837591240875912,10.0,Difficult
UA,1923,2025-08-03,ORD,CID,2025-08-03 20:05:00+00:00,2025-08-03 21:21:00+00:00,2025-08-03 21:21:00+00:00,2025-08-03 22:27:00+00:00,126,A319-100,Mainline,-12,55,43,20,133,0,0,2,1,87,1,0,0,0,0,0,0,77.0,73.0,-55,55,1.0,0.948051948051948,4,0.03007518796992481,0.0,0.0,0.0,0.0,0.0,0.0,76.0,66.0,2025-08-03,0.9835766423357665,0.6012773722627737,0.9507299270072993,0.13686131386861314,0.0,0.6751824817518249,11.0,Difficult
YX,3551,2025-08-03,ORD,SDF,2025-08-03 19:40:00+00:00,2025-08-03 22:14:00+00:00,2025-08-03 21:00:00+00:00,2025-08-03 23:14:00+00:00,76,ERJ-175,Express,47,35,39,19,82,1,0,2,1,61,1,0,0,0,0,0,0,45.0,38.0,8,-8,1.0,0.8444444444444444,5,0.06097560975609756,0.0,0.0,0.0,0.0,0.0,0.0,80.0,60.0,2025-08-03,0.9032846715328468,0.6012773722627737,0.843065693430657,0.4635036496350365,0.0,0.6745437956204379,12.0,Difficult
G7,4173,2025-08-03,ORD,AVL,2025-08-03 13:55:00+00:00,2025-08-03 16:55:00+00:00,2025-08-03 13:53:00+00:00,2025-08-03 16:45:00+00:00,50,CRJ-550,Express,40,55,29,13,56,0,0,2,0,37,2,0,0,0,0,0,0,40.0,33.0,11,-11,1.0,0.825,4,0.07142857142857142,0.0,0.0,0.0,0.0,0.0,0.0,-2.0,-10.0,2025-08-03,0.8512773722627737,0.6012773722627737,0.8284671532846716,0.5967153284671532,0.0,0.6734032846715328,13.0,Difficult
UA,1580,2025-08-03,ORD,YVR,2025-08-03 19:35:00+00:00,2025-08-03 22:18:00+00:00,2025-08-03 20:13:00+00:00,2025-08-03 22:37:00+00:00,166,B737-800,Mainline,72,69,65,19,201,4,0,17,3,101,2,0,0,0,0,0,0,108.0,56.0,7,-7,1.0,0.5185185185185185,26,0.12935323383084577,0.0,0.0,0.0,0.0,0.0,0.0,38.0,19.0,2025-08-03,0.9133211678832117,0.6012773722627737,0.4215328467153285,0.9726277372262774,0.0,0.6701186131386863,14.0,Difficult
OO,5470,2025-08-03,ORD,GEG,2025-08-03 08:40:00+00:00,2025-08-03 10:56:00+00:00,2025-08-03 08:38:00+00:00,2025-08-03 10:29:00+00:00,76,ERJ-175,Express,43,73,34,8,94,0,0,8,3,51,1,0,0,0,0,0,0,58.0,31.0,9,-9,1.0,0.5344827586206896,12,0.1276595744680851,0.0,0.0,0.0,0.0,0.0,0.0,-2.0,-27.0,2025-08-03,0.8941605839416058,0.6012773722627737,0.4425182481751825,0.968065693430657,0.0,0.6669251824817518,15.0,Difficult
OO,5360,2025-08-04,ORD,MBS,2025-08-04 13:55:00+00:00,2025-08-04 16:10:00+00:00,2025-08-04 13:51:00+00:00,2025-08-04 16:08:00+00:00,50,CRJ-550,Express,32,44,29,13,55,1,0,4,1,37,3,0,0,0,0,0,0,28.0,27.0,3,-3,1.0,0.9642857142857143,9,0.16363636363636364,0.0,0.0,0.0,0.0,0.0,0.0,-4.0,-2.0,2025-08-04,0.9106194690265487,0.6601769911504425,0.9805309734513274,0.9964601769911504,0.0,0.7963274336283186,1.0,Difficult
OO,5964,2025-08-04,ORD,CID,2025-08-04 17:57:00+00:00,2025-08-04 19:13:00+00:00,2025-08-04 19:20:00+00:00,2025-08-04 20:35:00+00:00,76,ERJ-175,Express,59,127,70,17,98,3,0,5,2,55,1,0,0,0,0,0,0,62.0,55.0,-11,11,1.0,0.8870967741935484,11,0.11224489795918367,0.0,0.0,0.0,0.0,0.0,0.0,83.0,82.0,2025-08-04,0.9380530973451328,0.6601769911504425,0.9026548672566371,0.952212389380531,0.0,0.7837168141592921,2.0,Difficult
UA,1041,2025-08-04,ORD,GRR,2025-08-04 15:35:00+00:00,2025-08-04 17:41:00+00:00,2025-08-04 16:49:00+00:00,2025-08-04 18:42:00+00:00,126,B737-700,Mainline,-18,56,43,15,140,1,0,6,2,94,1,0,0,0,0,0,0,88.0,79.0,-61,61,1.0,0.8977272727272727,10,0.07142857142857142,0.0,0.0,0.0,0.0,0.0,0.0,74.0,61.0,2025-08-04,0.9716814159292035,0.6601769911504425,0.9221238938053097,0.7592920353982301,0.0,0.7704424778761061,3.0,Difficult
UA,972,2025-08-04,ORD,BRU,2025-08-04 17:55:00+00:00,2025-08-05 09:00:00+00:00,2025-08-04 18:26:00+00:00,2025-08-05 09:17:00+00:00,318,B787-10,Mainline,155,170,155,17,368,1,0,20,6,214,6,0,0,0,0,0,0,460.0,353.0,0,0,1.0,0.7673913043478261,33,0.08967391304347826,0.0,0.0,0.0,0.0,0.0,0.0,31.0,17.0,2025-08-04,0.9194690265486726,0.6601769911504425,0.8070796460176991,0.8761061946902655,0.0,0.7466814159292036,4.0,Difficult
UA,592,2025-08-04,ORD,JAC,2025-08-04 16:50:00+00:00,2025-08-04 19:05:00+00:00,2025-08-04 17:37:00+00:00,2025-08-04 19:42:00+00:00,126,B737-700,Mainline,4,57,43,16,189,3,0,18,7,63,0,0,0,0,0,0,0,88.0,57.0,-39,39,1.0,0.6477272727272727,28,0.14814814814814814,0.0,0.0,0.0,0.0,0.0,0.0,47.0,37.0,2025-08-04,0.9575221238938053,0.6601769911504425,0.6371681415929203,0.9911504424778761,0.0,0.7432743362831857,5.0,Difficult
OO,4636,2025-08-04,ORD,SBN,2025-08-04 17:50:00+00:00,2025-08-04 19:48:00+00:00,2025-08-04 17:48:00+00:00,2025-08-04 19:50:00+00:00,50,CRJ-550,Express,45,42,29,17,54,1,0,4,2,40,4,0,0,0,0,0,0,40.0,40.0,16,-16,1.0,1.0,11,0.2037037037037037,0.0,0.0,0.0,0.0,0.0,0.0,-2.0,2.0,2025-08-04,0.6911504424778762,0.6601769911504425,0.9946902654867257,0.9982300884955753,0.0,0.7226106194690266,6.0,Difficult
YX,3604,2025-08-04,ORD,CMH,2025-08-04 19:35:00+00:00,2025-08-04 22:08:00+00:00,2025-08-04 19:34:00+00:00,2025-08-04 21:44:00+00:00,76,ERJ-175,Express,42,43,39,19,87,0,0,4,1,59,1,0,0,0,0,0,0,37.0,28.0,3,-3,1.0,0.7567567567567568,6,0.06896551724137931,0.0,0.0,0.0,0.0,0.0,0.0,-1.0,-24.0,2025-08-04,0.9106194690265487,0.6601769911504425,0.7911504424778761,0.7469026548672566,0.0,0.7210176991150442,7.0,Difficult
OO,5131,2025-08-04,ORD,CMX,2025-08-04 16:15:00+00:00,2025-08-04 18:52:00+00:00,2025-08-04 16:07:00+00:00,2025-08-04 18:50:00+00:00,50,CRJ-200,Express,40,37,29,16,54,0,0,4,1,29,2,0,0,0,0,0,0,37.0,27.0,11,-11,1.0,0.7297297297297297,7,0.12962962962962962,0.0,0.0,0.0,0.0,0.0,0.0,-8.0,-2.0,2025-08-04,0.8256637168141593,0.6601769911504425,0.7592920353982301,0.9831858407079646,0.0,0.720353982300885,8.0,Difficult
UA,2684,2025-08-04,ORD,FCA,2025-08-04 08:45:00+00:00,2025-08-04 11:36:00+00:00,2025-08-04 09:02:00+00:00,2025-08-04 11:41:00+00:00,179,B737-900,Mainline,62,96,56,8,231,1,0,15,3,90,0,0,0,0,0,0,0,121.0,85.0,6,-6,1.0,0.7024793388429752,19,0.08225108225108226,0.0,0.0,0.0,0.0,0.0,0.0,17.0,5.0,2025-08-04,0.8964601769911504,0.6601769911504425,0.7150442477876107,0.8336283185840708,0.0,0.7138495575221239,9.0,Difficult
G7,4387,2025-08-04,ORD,CID,2025-08-04 09:20:00+00:00,2025-08-04 10:40:00+00:00,2025-08-04 10:03:00+00:00,2025-08-04 11:08:00+00:00,50,CRJ-550,Express,-28,24,29,9,53,0,0,2,0,40,0,0,0,0,0,0,0,33.0,29.0,-57,57,1.0,0.8787878787878788,2,0.03773584905660377,0.0,0.0,0.0,0.0,0.0,0.0,43.0,28.0,2025-08-04,0.9672566371681416,0.6601769911504425,0.8938053097345132,0.4194690265486726,0.0,0.7122566371681416,10.0,Difficult
OO,5383,2025-08-04,ORD,TVC,2025-08-04 13:55:00+00:00,2025-08-04 16:12:00+00:00,2025-08-04 14:09:00+00:00,2025-08-04 16:15:00+00:00,50,CRJ-550,Express,40,35,29,13,62,0,0,3,0,35,1,0,0,0,0,0,0,37.0,34.0,11,-11,1.0,0.918918918918919,4,0.06451612903225806,0.0,0.0,0.0,0.0,0.0,0.0,14.0,3.0,2025-08-04,0.8256637168141593,0.6601769911504425,0.9345132743362832,0.6929203539823009,0.0,0.7118584070796461,11.0,Difficult
UA,2652,2025-08-04,ORD,RSW,2025-08-04 16:20:00+00:00,2025-08-04 20:32:00+00:00,2025-08-04 18:13:00+00:00,2025-08-04 22:35:00+00:00,166,B737-800,Mainline,-26,109,51,16,200,1,0,10,1,113,8,0,0,0,0,0,0,125.0,66.0,-77,77,1.0,0.528,20,0.1,0.0,0.0,0.0,0.0,0.0,0.0,113.0,123.0,2025-08-04,0.9769911504424779,0.6601769911504425,0.4743362831858407,0.9247787610619469,0.0,0.7075663716814159,12.0,Difficult
UA,777,2025-08-04,ORD,LAS,2025-08-04 19:49:00+00:00,2025-08-04 21:52:00+00:00,2025-08-04 23:36:00+00:00,2025-08-05 01:38:00+00:00,179,B737-900,Mainline,-197,54,56,19,199,0,0,7,1,124,6,0,0,0,0,0,0,149.0,89.0,-253,253,1.0,0.5973154362416108,14,0.07035175879396985,0.0,0.0,0.0,0.0,0.0,0.0,227.0,226.0,2025-08-04,1.0,0.6601769911504425,0.5504424778761062,0.7539823008849558,0.0,0.7052212389380531,13.0,Difficult
G7,4518,2025-08-04,ORD,STL,2025-08-04 16:47:00+00:00,2025-08-04 18:07:00+00:00,2025-08-04 17:08:00+00:00,2025-08-04 18:28:00+00:00,50,CRJ-550,Express,44,28,29,16,56,0,0,3,2,41,0,0,0,0,0,0,0,38.0,36.0,15,-15,1.0,0.9473684210526315,5,0.08928571428571429,0.0,0.0,0.0,0.0,0.0,0.0,21.0,21.0,2025-08-04,0.7150442477876107,0.6601769911504425,0.9610619469026549,0.8707964601769912,0.0,0.7051327433628318,14.0,Difficult
UA,695,2025-08-04,ORD,SJU,2025-08-04 18:03:00+00:00,2025-08-04 23:54:00+00:00,2025-08-04 18:11:00+00:00,2025-08-04 23:51:00+00:00,179,B737-MAX9,Mainline,63,77,56,18,226,4,0,13,5,117,4,0,0,0,0,0,0,135.0,80.0,7,-7,1.0,0.5925925925925926,26,0.11504424778761062,0.0,0.0,0.0,0.0,0.0,0.0,8.0,-3.0,2025-08-04,0.8876106194690265,0.6601769911504425,0.5469026548672566,0.9575221238938053,0.0,0.6957079646017699,15.0,Difficult
OO,5383,2025-08-05,ORD,TVC,2025-08-05 13:55:00+00:00,2025-08-05 16:12:00+00:00,2025-08-05 13:45:00+00:00,2025-08-05 15:47:00+00:00,50,CRJ-550,Express,40,42,29,13,64,0,0,4,1,37,1,0,0,0,0,0,0,38.0,38.0,11,-11,1.0,1.0,6,0.09375,0.0,0.0,0.0,0.0,0.0,0.0,-10.0,-25.0,2025-08-05,0.8719165085388995,0.6878557874762808,0.9867172675521821,0.7438330170777988,0.0,0.7516603415559773,1.0,Difficult
UA,2629,2025-08-05,ORD,CLE,2025-08-05 10:47:00+00:00,2025-08-05 13:14:00+00:00,2025-08-05 10:45:00+00:00,2025-08-05 13:02:00+00:00,179,B737-900,Mainline,63,76,56,10,181,2,0,9,4,123,7,0,0,0,0,0,0,65.0,53.0,7,-7,1.0,0.8153846153846154,22,0.12154696132596685,0.0,0.0,0.0,0.0,0.0,0.0,-2.0,-12.0,2025-08-05,0.9108159392789373,0.6878557874762808,0.7656546489563567,0.9259962049335864,0.0,0.7483870967741935,2.0,Difficult
OO,5045,2025-08-05,ORD,RHI,2025-08-05 16:35:00+00:00,2025-08-05 17:57:00+00:00,2025-08-05 17:21:00+00:00,2025-08-05 18:34:00+00:00,50,CRJ-200,Express,-15,31,29,16,86,2,0,7,2,31,4,0,0,0,0,0,0,46.0,33.0,-44,44,1.0,0.717391304347826,15,0.1744186046511628,0.0,0.0,0.0,0.0,0.0,0.0,46.0,37.0,2025-08-05,0.969639468690702,0.6878557874762808,0.6043643263757116,0.9981024667931688,0.0,0.7475332068311195,3.0,Difficult
OO,4766,2025-08-05,ORD,OKC,2025-08-05 16:45:00+00:00,2025-08-05 19:04:00+00:00,2025-08-05 16:37:00+00:00,2025-08-05 18:53:00+00:00,50,CRJ-550,Express,42,35,29,16,52,1,0,3,1,34,2,0,0,0,0,0,0,56.0,47.0,13,-13,1.0,0.8392857142857143,7,0.1346153846153846,0.0,0.0,0.0,0.0,0.0,0.0,-8.0,-11.0,2025-08-05,0.816888045540797,0.6878557874762808,0.8178368121442126,0.969639468690702,0.0,0.7324952561669829,4.0,Difficult
OO,5262,2025-08-05,ORD,LNK,2025-08-05 12:45:00+00:00,2025-08-05 14:35:00+00:00,2025-08-05 12:40:00+00:00,2025-08-05 14:43:00+00:00,50,CRJ-200,Express,40,61,29,12,64,0,0,4,0,34,5,0,0,0,0,0,0,64.0,48.0,11,-11,1.0,0.75,9,0.140625,0.0,0.0,0.0,0.0,0.0,0.0,-5.0,8.0,2025-08-05,0.8719165085388995,0.6878557874762808,0.6717267552182163,0.9753320683111955,0.0,0.7233870967741935,5.0,Difficult
UA,2665,2025-08-05,ORD,IAH,2025-08-05 21:07:00+00:00,2025-08-05 23:57:00+00:00,2025-08-05 21:20:00+00:00,2025-08-06 00:01:00+00:00,179,B737-MAX9,Mainline,42,64,56,21,221,0,0,12,4,112,7,0,0,0,0,0,0,107.0,77.0,-14,14,1.0,0.719626168224299,23,0.10407239819004525,0.0,0.0,0.0,0.0,0.0,0.0,13.0,4.0,2025-08-05,0.9497153700189753,0.6878557874762808,0.6091081593927894,0.8311195445920304,0.0,0.7164611005692599,6.0,Difficult
UA,2465,2025-08-05,ORD,ORF,2025-08-05 11:55:00+00:00,2025-08-05 15:14:00+00:00,2025-08-05 13:04:00+00:00,2025-08-05 16:15:00+00:00,179,B737-900,Mainline,-47,47,56,11,210,4,0,17,5,97,5,0,0,0,0,0,0,117.0,69.0,-103,103,1.0,0.5897435897435898,31,0.14761904761904762,0.0,0.0,0.0,0.0,0.0,0.0,69.0,61.0,2025-08-05,0.9943074003795066,0.6878557874762808,0.41366223908918404,0.9791271347248577,0.0,0.7151802656546489,7.0,Difficult
OO,4636,2025-08-05,ORD,SBN,2025-08-05 17:50:00+00:00,2025-08-05 19:48:00+00:00,2025-08-05 17:42:00+00:00,2025-08-05 19:23:00+00:00,50,CRJ-550,Express,45,44,29,17,54,1,0,2,0,38,2,0,0,0,0,0,0,31.0,31.0,16,-16,1.0,1.0,5,0.09259259259259259,0.0,0.0,0.0,0.0,0.0,0.0,-8.0,-25.0,2025-08-05,0.7523719165085389,0.6878557874762808,0.9867172675521821,0.7352941176470589,0.0,0.7085388994307401,8.0,Difficult
UA,1030,2025-08-05,ORD,ABQ,2025-08-05 19:35:00+00:00,2025-08-05 21:50:00+00:00,2025-08-05 20:21:00+00:00,2025-08-05 22:35:00+00:00,126,A319-100,Mainline,60,44,43,19,164,3,0,15,3,79,2,0,0,0,0,0,0,78.0,67.0,17,-17,1.0,0.8589743589743589,23,0.1402439024390244,0.0,0.0,0.0,0.0,0.0,0.0,46.0,45.0,2025-08-05,0.7314990512333965,0.6878557874762808,0.8387096774193549,0.9734345351043643,0.0,0.7073529411764705,9.0,Difficult
OO,5314,2025-08-05,ORD,LNK,2025-08-05 19:40:00+00:00,2025-08-05 21:36:00+00:00,2025-08-05 19:39:00+00:00,2025-08-05 21:22:00+00:00,50,CRJ-550,Express,49,45,29,19,60,0,0,6,1,29,0,0,0,0,0,0,0,24.0,23.0,20,-20,1.0,0.9583333333333334,7,0.11666666666666667,0.0,0.0,0.0,0.0,0.0,0.0,-1.0,-14.0,2025-08-05,0.6878557874762808,0.6878557874762808,0.952561669829222,0.9165085388994307,0.0,0.7063092979127135,10.0,Difficult
UA,2113,2025-08-05,ORD,FSD,2025-08-05 20:08:00+00:00,2025-08-05 22:00:00+00:00,2025-08-05 21:07:00+00:00,2025-08-05 22:34:00+00:00,179,B737-900,Mainline,13,54,56,20,190,0,0,8,0,99,1,0,0,0,0,0,0,87.0,80.0,-43,43,1.0,0.9195402298850575,9,0.04736842105263158,0.0,0.0,0.0,0.0,0.0,0.0,59.0,34.0,2025-08-05,0.967741935483871,0.6878557874762808,0.9089184060721063,0.2637571157495256,0.0,0.6976280834914611,11.0,Difficult
UA,1583,2025-08-05,ORD,BWI,2025-08-05 18:35:00+00:00,2025-08-05 21:42:00+00:00,2025-08-05 19:58:00+00:00,2025-08-05 23:30:00+00:00,179,B737-900,Mainline,5,53,56,18,191,1,0,9,3,101,5,0,0,0,0,0,0,88.0,58.0,-51,51,1.0,0.6590909090909091,18,0.09424083769633508,0.0,0.0,0.0,0.0,0.0,0.0,83.0,108.0,2025-08-05,0.9753320683111955,0.6878557874762808,0.523719165085389,0.7533206831119544,0.0,0.6966793168880456,12.0,Difficult
UA,1124,2025-08-05,ORD,IAH,2025-08-05 16:07:00+00:00,2025-08-05 19:05:00+00:00,2025-08-05 16:29:00+00:00,2025-08-05 19:28:00+00:00,179,B737-900,Mainline,24,65,56,16,213,1,0,8,4,141,5,0,0,0,0,0,0,161.0,115.0,-32,32,1.0,0.7142857142857143,18,0.08450704225352113,0.0,0.0,0.0,0.0,0.0,0.0,22.0,23.0,2025-08-05,0.9582542694497154,0.6878557874762808,0.5986717267552182,0.6470588235294118,0.0,0.6897533206831119,13.0,Difficult
UA,695,2025-08-05,ORD,SJU,2025-08-05 18:03:00+00:00,2025-08-05 23:54:00+00:00,2025-08-05 18:31:00+00:00,2025-08-06 00:41:00+00:00,179,B737-MAX9,Mainline,63,125,56,18,242,1,0,19,1,102,7,0,0,0,0,0,0,152.0,93.0,7,-7,1.0,0.6118421052631579,28,0.11570247933884298,0.0,0.0,0.0,0.0,0.0,0.0,28.0,47.0,2025-08-05,0.9108159392789373,0.6878557874762808,0.45540796963946867,0.9070208728652751,0.0,0.6834914611005691,14.0,Difficult
UA,1655,2025-08-05,ORD,DCA,2025-08-05 18:00:00+00:00,2025-08-05 21:02:00+00:00,2025-08-05 18:02:00+00:00,2025-08-05 21:11:00+00:00,150,A320-200,Mainline,55,57,46,18,159,1,0,10,3,96,0,0,0,0,0,0,0,58.0,42.0,9,-9,1.0,0.7241379310344828,14,0.0880503144654088,0.0,0.0,0.0,0.0,0.0,0.0,2.0,9.0,2025-08-05,0.9022770398481973,0.6878557874762808,0.6148007590132827,0.683111954459203,0.0,0.6787950664136622,15.0,Difficult
YX,3409,2025-08-06,ORD,YOW,2025-08-06 13:56:00+00:00,2025-08-06 17:06:00+00:00,2025-08-06 13:55:00+00:00,2025-08-06 16:43:00+00:00,76,ERJ-175,Express,50,40,42,13,76,1,0,3,2,45,4,0,0,0,0,0,0,33.0,30.0,8,-8,1.0,0.9090909090909091,10,0.13157894736842105,0.0,0.0,0.0,0.0,0.0,0.0,-1.0,-23.0,2025-08-06,0.898406374501992,0.74800796812749,0.899402390438247,0.954183266932271,0.0,0.7870517928286852,1.0,Difficult
OO,4766,2025-08-06,ORD,OKC,2025-08-06 16:45:00+00:00,2025-08-06 19:04:00+00:00,2025-08-06 16:39:00+00:00,2025-08-06 19:07:00+00:00,50,CRJ-550,Express,42,60,29,16,61,0,0,5,2,32,7,0,0,0,0,0,0,61.0,57.0,13,-13,1.0,0.9344262295081968,14,0.22950819672131148,0.0,0.0,0.0,0.0,0.0,0.0,-6.0,3.0,2025-08-06,0.7888446215139442,0.74800796812749,0.9282868525896414,1.0,0.0,0.7613545816733068,2.0,Difficult
OO,5624,2025-08-06,ORD,LEX,2025-08-06 17:50:00+00:00,2025-08-06 20:21:00+00:00,2025-08-06 18:10:00+00:00,2025-08-06 20:37:00+00:00,76,ERJ-175,Express,40,71,34,17,86,0,0,6,0,51,1,0,0,0,0,0,0,54.0,53.0,6,-6,1.0,0.9814814814814815,7,0.08139534883720931,0.0,0.0,0.0,0.0,0.0,0.0,20.0,16.0,2025-08-06,0.9103585657370518,0.74800796812749,0.9780876494023905,0.6314741035856574,0.0,0.7585657370517928,3.0,Difficult
OO,5930,2025-08-06,ORD,FAR,2025-08-06 13:22:00+00:00,2025-08-06 15:28:00+00:00,2025-08-06 15:44:00+00:00,2025-08-06 18:01:00+00:00,76,ERJ-175,Express,-46,53,34,13,96,2,0,5,1,50,2,0,0,0,0,0,0,50.0,34.0,-80,80,1.0,0.68,10,0.10416666666666667,0.0,0.0,0.0,0.0,0.0,0.0,142.0,153.0,2025-08-06,0.9920318725099602,0.74800796812749,0.602589641434263,0.8575697211155379,0.0,0.7459661354581674,4.0,Difficult
UA,561,2025-08-06,ORD,MCI,2025-08-06 12:45:00+00:00,2025-08-06 14:22:00+00:00,2025-08-06 13:11:00+00:00,2025-08-06 14:43:00+00:00,166,B737-800,Mainline,14,54,51,12,202,3,0,11,2,126,5,0,0,0,0,0,0,136.0,96.0,-37,37,1.0,0.7058823529411765,21,0.10396039603960396,0.0,0.0,0.0,0.0,0.0,0.0,26.0,21.0,2025-08-06,0.9691235059760956,0.74800796812749,0.6344621513944223,0.853585657370518,0.0,0.7437250996015936,5.0,Difficult
UA,224,2025-08-06,ORD,BZN,2025-08-06 09:20:00+00:00,2025-08-06 11:47:00+00:00,2025-08-06 11:08:00+00:00,2025-08-06 13:20:00+00:00,166,B737-800,Mainline,-9,117,51,9,222,3,0,14,3,105,1,0,0,0,0,0,0,110.0,78.0,-60,60,1.0,0.7090909090909091,21,0.0945945945945946,0.0,0.0,0.0,0.0,0.0,0.0,108.0,93.0,2025-08-06,0.9880478087649402,0.74800796812749,0.6424302788844621,0.7729083665338645,0.0,0.7398406374501992,6.0,Difficult
G7,4482,2025-08-06,ORD,TUL,2025-08-06 15:35:00+00:00,2025-08-06 17:35:00+00:00,2025-08-06 15:29:00+00:00,2025-08-06 17:19:00+00:00,50,CRJ-550,Express,45,55,29,15,53,0,0,3,1,29,2,0,0,0,0,0,0,24.0,23.0,16,-16,1.0,0.9583333333333334,6,0.11320754716981132,0.0,0.0,0.0,0.0,0.0,0.0,-6.0,-16.0,2025-08-06,0.7310756972111554,0.74800796812749,0.9472111553784861,0.9143426294820717,0.0,0.7320717131474104,7.0,Difficult
OO,5565,2025-08-06,ORD,CHO,2025-08-06 14:04:00+00:00,2025-08-06 17:10:00+00:00,2025-08-06 13:54:00+00:00,2025-08-06 16:45:00+00:00,50,CRJ-550,Express,41,54,29,14,54,1,0,2,1,31,2,0,0,0,0,0,0,38.0,32.0,12,-12,1.0,0.8421052631578947,6,0.1111111111111111,0.0,0.0,0.0,0.0,0.0,0.0,-10.0,-25.0,2025-08-06,0.8127490039840638,0.74800796812749,0.8147410358565738,0.900398406374502,0.0,0.7320717131474104,8.0,Difficult
UA,2008,2025-08-06,ORD,MCO,2025-08-06 11:02:00+00:00,2025-08-06 14:59:00+00:00,2025-08-06 12:23:00+00:00,2025-08-06 16:03:00+00:00,200,A321-2NX,Mainline,-37,77,62,11,281,0,0,25,7,95,6,0,0,0,0,0,0,115.0,68.0,-99,99,1.0,0.591304347826087,38,0.13523131672597866,0.0,0.0,0.0,0.0,0.0,0.0,81.0,64.0,2025-08-06,0.99800796812749,0.74800796812749,0.43227091633466136,0.9561752988047809,0.0,0.7287848605577689,9.0,Difficult
OO,5874,2025-08-06,ORD,PIA,2025-08-06 15:35:00+00:00,2025-08-06 16:43:00+00:00,2025-08-06 15:52:00+00:00,2025-08-06 17:05:00+00:00,50,CRJ-200,Express,15,32,29,15,56,0,0,4,2,25,1,0,0,0,0,0,0,41.0,25.0,-14,14,1.0,0.6097560975609756,7,0.125,0.0,0.0,0.0,0.0,0.0,0.0,17.0,22.0,2025-08-06,0.952191235059761,0.74800796812749,0.46912350597609564,0.9432270916334662,0.0,0.7181772908366533,10.0,Difficult
OO,5628,2025-08-06,ORD,IND,2025-08-06 08:45:00+00:00,2025-08-06 11:04:00+00:00,2025-08-06 08:41:00+00:00,2025-08-06 10:50:00+00:00,76,ERJ-175,Express,40,63,34,8,79,0,0,3,1,56,1,0,0,0,0,0,0,44.0,40.0,6,-6,1.0,0.9090909090909091,5,0.06329113924050633,0.0,0.0,0.0,0.0,0.0,0.0,-4.0,-14.0,2025-08-06,0.9103585657370518,0.74800796812749,0.899402390438247,0.43824701195219123,0.0,0.7138446215139442,11.0,Difficult
UA,2200,2025-08-06,ORD,SEA,2025-08-06 21:16:00+00:00,2025-08-06 23:59:00+00:00,2025-08-06 23:31:00+00:00,2025-08-07 01:57:00+00:00,166,B737-MAX8,Mainline,63,147,51,21,210,0,0,14,3,111,4,0,0,0,0,0,0,141.0,116.0,12,-12,1.0,0.8226950354609929,21,0.1,0.0,0.0,0.0,0.0,0.0,0.0,135.0,118.0,2025-08-06,0.8127490039840638,0.74800796812749,0.7848605577689243,0.8147410358565738,0.0,0.7132470119521913,12.0,Difficult
UA,1923,2025-08-06,ORD,CID,2025-08-06 20:05:00+00:00,2025-08-06 21:21:00+00:00,2025-08-07 01:09:00+00:00,2025-08-07 02:01:00+00:00,126,B737-700,Mainline,-7,115,43,20,106,1,0,8,3,53,1,0,0,0,0,0,0,83.0,79.0,-50,50,0.8412698412698413,0.9518072289156626,13,0.12264150943396226,0.0,0.0,0.0,0.0,0.0,0.0,304.0,280.0,2025-08-06,0.9830677290836654,0.20318725099601595,0.9382470119521913,0.9362549800796812,0.0,0.7127988047808765,13.0,Difficult
YX,3551,2025-08-06,ORD,SDF,2025-08-06 19:40:00+00:00,2025-08-06 22:14:00+00:00,2025-08-06 19:46:00+00:00,2025-08-06 22:07:00+00:00,76,ERJ-175,Express,54,54,39,19,76,1,0,7,3,39,2,0,0,0,0,0,0,29.0,23.0,15,-15,1.0,0.7931034482758621,13,0.17105263157894737,0.0,0.0,0.0,0.0,0.0,0.0,6.0,-7.0,2025-08-06,0.750996015936255,0.74800796812749,0.75199203187251,0.9940239043824701,0.0,0.7119521912350597,14.0,Difficult
UA,1778,2025-08-06,ORD,OMA,2025-08-06 08:45:00+00:00,2025-08-06 10:26:00+00:00,2025-08-06 08:38:00+00:00,2025-08-06 10:40:00+00:00,166,B737-800,Mainline,48,50,51,8,167,1,0,8,1,88,1,0,0,0,0,0,0,80.0,66.0,-3,3,1.0,0.825,11,0.0658682634730539,0.0,0.0,0.0,0.0,0.0,0.0,-7.0,14.0,2025-08-06,0.9442231075697212,0.74800796812749,0.7868525896414342,0.4721115537848606,0.0,0.7082669322709163,15.0,Difficult
G7,4571,2025-08-07,ORD,XNA,2025-08-07 20:00:00+00:00,2025-08-07 22:06:00+00:00,2025-08-07 21:25:00+00:00,2025-08-07 23:16:00+00:00,50,CRJ-550,Express,-18,38,29,20,63,1,0,5,2,39,0,0,0,0,0,0,0,44.0,41.0,-47,47,1.0,0.9318181818181818,8,0.12698412698412698,0.0,0.0,0.0,0.0,0.0,0.0,85.0,70.0,2025-08-07,0.9548736462093863,0.6642599277978339,0.9657039711191335,0.9711191335740073,0.0,0.8058664259927797,1.0,Difficult
OO,5392,2025-08-07,ORD,OKC,2025-08-07 19:36:00+00:00,2025-08-07 22:03:00+00:00,2025-08-07 19:45:00+00:00,2025-08-07 21:52:00+00:00,76,ERJ-175,Express,41,41,34,19,91,0,0,7,3,49,0,0,0,0,0,0,0,84.0,80.0,7,-7,1.0,0.9523809523809523,10,0.10989010989010989,0.0,0.0,0.0,0.0,0.0,0.0,9.0,-11.0,2025-08-07,0.8971119133574007,0.6642599277978339,0.9783393501805054,0.9314079422382672,0.0,0.7822202166064982,2.0,Difficult
OO,5557,2025-08-07,ORD,OKC,2025-08-07 09:15:00+00:00,2025-08-07 11:54:00+00:00,2025-08-07 09:48:00+00:00,2025-08-07 12:03:00+00:00,76,ERJ-175,Express,-16,31,39,9,80,1,0,3,1,52,3,0,0,0,0,0,0,36.0,31.0,-55,55,1.0,0.8611111111111112,8,0.1,0.0,0.0,0.0,0.0,0.0,0.0,33.0,9.0,2025-08-07,0.9602888086642599,0.6642599277978339,0.8826714801444043,0.8799638989169675,0.0,0.7774819494584838,3.0,Difficult
UA,1361,2025-08-07,ORD,STL,2025-08-07 21:20:00+00:00,2025-08-07 22:45:00+00:00,2025-08-08 00:34:00+00:00,2025-08-08 01:37:00+00:00,126,A319-100,Mainline,-83,138,43,21,145,0,0,8,2,94,1,0,0,0,0,0,0,108.0,88.0,-126,126,1.0,0.8148148148148148,11,0.07586206896551724,0.0,0.0,0.0,0.0,0.0,0.0,194.0,172.0,2025-08-07,0.9927797833935018,0.6642599277978339,0.8348375451263538,0.6985559566787004,0.0,0.7520758122743683,4.0,Difficult
UA,2113,2025-08-07,ORD,FSD,2025-08-07 20:08:00+00:00,2025-08-07 22:00:00+00:00,2025-08-07 22:02:00+00:00,2025-08-07 23:43:00+00:00,179,B737-900,Mainline,28,137,119,20,208,1,0,9,2,126,2,0,0,0,0,0,0,121.0,106.0,-91,91,1.0,0.8760330578512396,14,0.0673076923076923,0.0,0.0,0.0,0.0,0.0,0.0,114.0,103.0,2025-08-07,0.9855595667870036,0.6642599277978339,0.907942238267148,0.5956678700361011,0.0,0.7487364620938629,5.0,Difficult
UA,1291,2025-08-07,ORD,IAH,2025-08-07 21:50:00+00:00,2025-08-08 00:40:00+00:00,2025-08-07 23:28:00+00:00,2025-08-08 01:50:00+00:00,200,A321-2NX,Mainline,17,89,62,21,245,1,0,11,1,133,8,0,0,0,0,0,0,137.0,95.0,-45,45,1.0,0.6934306569343066,21,0.08571428571428572,0.0,0.0,0.0,0.0,0.0,0.0,98.0,70.0,2025-08-07,0.9503610108303249,0.6642599277978339,0.6516245487364621,0.7969314079422383,0.0,0.7153429602888087,6.0,Difficult
UA,2278,2025-08-07,ORD,SEA,2025-08-07 16:15:00+00:00,2025-08-07 18:58:00+00:00,2025-08-07 21:48:00+00:00,2025-08-08 00:20:00+00:00,200,A321-2NX,Mainline,-240,79,70,16,222,0,0,9,3,122,10,0,0,0,0,0,0,143.0,87.0,-310,310,1.0,0.6083916083916084,22,0.0990990990990991,0.0,0.0,0.0,0.0,0.0,0.0,333.0,322.0,2025-08-07,1.0,0.6642599277978339,0.5072202166064982,0.871841155234657,0.0,0.7150722021660649,7.0,Difficult
OO,5382,2025-08-07,ORD,FWA,2025-08-07 15:35:00+00:00,2025-08-07 17:47:00+00:00,2025-08-07 15:30:00+00:00,2025-08-07 17:39:00+00:00,50,CRJ-200,Express,40,32,29,15,61,0,0,4,2,28,0,0,0,0,0,0,0,30.0,23.0,11,-11,1.0,0.7666666666666667,6,0.09836065573770492,0.0,0.0,0.0,0.0,0.0,0.0,-5.0,-8.0,2025-08-07,0.8411552346570397,0.6642599277978339,0.7806859205776173,0.868231046931408,0.0,0.7136281588447653,8.0,Difficult
OO,4766,2025-08-07,ORD,OKC,2025-08-07 16:45:00+00:00,2025-08-07 19:04:00+00:00,2025-08-07 16:41:00+00:00,2025-08-07 19:01:00+00:00,50,CRJ-550,Express,42,38,29,16,56,0,0,4,1,35,1,0,0,0,0,0,0,49.0,40.0,13,-13,1.0,0.8163265306122449,6,0.10714285714285714,0.0,0.0,0.0,0.0,0.0,0.0,-4.0,-3.0,2025-08-07,0.7815884476534296,0.6642599277978339,0.8375451263537906,0.9214801444043321,0.0,0.7121389891696751,9.0,Difficult
UA,2207,2025-08-07,ORD,OMA,2025-08-07 16:00:00+00:00,2025-08-07 17:39:00+00:00,2025-08-07 16:08:00+00:00,2025-08-07 17:45:00+00:00,166,B737-800,Mainline,65,98,51,16,183,2,0,9,3,116,5,0,0,0,0,0,0,92.0,80.0,14,-14,1.0,0.8695652173913043,19,0.10382513661202186,0.0,0.0,0.0,0.0,0.0,0.0,8.0,6.0,2025-08-07,0.75,0.6642599277978339,0.8953068592057761,0.9007220216606499,0.0,0.7095216606498195,10.0,Difficult
OO,5601,2025-08-07,ORD,FNT,2025-08-07 13:55:00+00:00,2025-08-07 16:11:00+00:00,2025-08-07 15:25:00+00:00,2025-08-07 17:34:00+00:00,50,CRJ-200,Express,-27,45,29,13,48,0,0,2,0,34,3,0,0,0,0,0,0,70.0,62.0,-56,56,0.96,0.8857142857142857,5,0.10416666666666667,0.0,0.0,0.0,0.0,0.0,0.0,90.0,83.0,2025-08-07,0.9629963898916968,0.2545126353790614,0.9223826714801444,0.9025270758122743,0.0,0.7078068592057762,11.0,Difficult
UA,2200,2025-08-07,ORD,SEA,2025-08-07 21:16:00+00:00,2025-08-07 23:59:00+00:00,2025-08-07 22:05:00+00:00,2025-08-08 00:37:00+00:00,166,B737-MAX8,Mainline,63,58,51,21,222,0,0,16,4,96,5,0,0,0,0,0,0,97.0,72.0,12,-12,1.0,0.7422680412371134,25,0.11261261261261261,0.0,0.0,0.0,0.0,0.0,0.0,49.0,38.0,2025-08-07,0.8077617328519856,0.6642599277978339,0.7364620938628159,0.9422382671480144,0.0,0.7041967509025271,12.0,Difficult
UA,767,2025-08-07,ORD,DEN,2025-08-07 21:32:00+00:00,2025-08-07 23:22:00+00:00,2025-08-07 22:02:00+00:00,2025-08-07 23:27:00+00:00,200,A321-2NX,Mainline,72,64,62,21,226,2,0,11,3,148,2,0,0,0,0,0,0,133.0,98.0,10,-10,1.0,0.7368421052631579,18,0.07964601769911504,0.0,0.0,0.0,0.0,0.0,0.0,30.0,5.0,2025-08-07,0.8709386281588448,0.6642599277978339,0.7175090252707581,0.7373646209386282,0.0,0.6917870036101084,13.0,Difficult
OO,5847,2025-08-07,ORD,DSM,2025-08-07 16:20:00+00:00,2025-08-07 17:49:00+00:00,2025-08-07 17:20:00+00:00,2025-08-07 19:01:00+00:00,76,ERJ-175,Express,-25,37,34,16,90,0,0,3,0,59,2,0,0,0,0,0,0,58.0,44.0,-59,59,1.0,0.7586206896551724,5,0.05555555555555555,0.0,0.0,0.0,0.0,0.0,0.0,60.0,72.0,2025-08-07,0.9675090252707581,0.6642599277978339,0.7644404332129964,0.4305054151624549,0.0,0.6889440433212997,14.0,Difficult
OO,5131,2025-08-07,ORD,CMX,2025-08-07 16:15:00+00:00,2025-08-07 18:52:00+00:00,2025-08-07 16:15:00+00:00,2025-08-07 18:52:00+00:00,50,CRJ-200,Express,40,30,29,16,54,2,0,2,1,33,3,0,0,0,0,0,0,53.0,34.0,11,-11,1.0,0.6415094339622641,8,0.14814814814814814,0.0,0.0,0.0,0.0,0.0,0.0,0.0,0.0,2025-08-07,0.8411552346570397,0.6642599277978339,0.555956678700361,0.9909747292418772,0.0,0.6870938628158845,15.0,Difficult
OO,4789,2025-08-08,ORD,FAR,2025-08-08 20:00:00+00:00,2025-08-08 22:12:00+00:00,2025-08-08 21:06:00+00:00,2025-08-08 22:59:00+00:00,70,ERJ-175,Express,-13,32,34,20,72,2,0,4,1,44,0,0,0,0,0,0,0,63.0,57.0,-47,47,1.0,0.9047619047619048,7,0.09722222222222222,0.0,0.0,0.0,0.0,0.0,0.0,66.0,47.0,2025-08-08,0.9775179856115108,0.6735611510791367,0.9163669064748201,0.8444244604316546,0.0,0.7867805755395683,1.0,Difficult
UA,1144,2025-08-08,ORD,ONT,2025-08-08 19:35:00+00:00,2025-08-08 22:06:00+00:00,2025-08-08 19:58:00+00:00,2025-08-08 22:01:00+00:00,166,B737-800,Mainline,45,64,51,19,181,4,0,8,4,107,2,0,0,0,0,0,0,97.0,69.0,-6,6,1.0,0.711340206185567,18,0.09944751381215469,0.0,0.0,0.0,0.0,0.0,0.0,23.0,-5.0,2025-08-08,0.9460431654676259,0.6735611510791367,0.6672661870503597,0.8633093525179856,0.0,0.7287769784172662,2.0,Difficult
UA,275,2025-08-08,ORD,RAP,2025-08-08 08:45:00+00:00,2025-08-08 10:20:00+00:00,2025-08-08 08:43:00+00:00,2025-08-08 10:05:00+00:00,150,A320-200,Mainline,48,64,46,8,174,2,0,6,2,90,2,0,0,0,0,0,0,78.0,70.0,2,-2,1.0,0.8974358974358975,12,0.06896551724137931,0.0,0.0,0.0,0.0,0.0,0.0,-2.0,-15.0,2025-08-08,0.9334532374100719,0.6735611510791367,0.9055755395683454,0.552158273381295,0.0,0.7253597122302159,3.0,Difficult
OO,5219,2025-08-08,ORD,GRB,2025-08-08 20:20:00+00:00,2025-08-08 21:37:00+00:00,2025-08-09 00:15:00+00:00,2025-08-09 01:41:00+00:00,50,CRJ-550,Express,3,209,29,20,56,0,0,3,0,30,0,0,0,0,0,0,0,4.0,4.0,-26,26,1.0,1.0,3,0.05357142857142857,0.0,0.0,0.0,0.0,0.0,0.0,235.0,244.0,2025-08-08,0.9550359712230215,0.6735611510791367,0.9901079136690647,0.3857913669064748,0.0,0.724865107913669,4.0,Difficult
UA,2385,2025-08-08,ORD,MSO,2025-08-08 08:50:00+00:00,2025-08-08 11:38:00+00:00,2025-08-08 08:48:00+00:00,2025-08-08 11:35:00+00:00,166,B737-800,Mainline,58,63,51,8,185,1,0,10,0,95,3,0,0,0,0,0,0,106.0,91.0,7,-7,1.0,0.8584905660377359,14,0.07567567567567568,0.0,0.0,0.0,0.0,0.0,0.0,-2.0,-3.0,2025-08-08,0.9091726618705036,0.6735611510791367,0.8651079136690647,0.6330935251798561,0.0,0.7209082733812949,5.0,Difficult
UA,224,2025-08-08,ORD,BZN,2025-08-08 09:04:00+00:00,2025-08-08 11:31:00+00:00,2025-08-08 09:28:00+00:00,2025-08-08 11:49:00+00:00,166,B737-800,Mainline,7,52,51,9,212,1,0,14,4,104,1,0,0,0,0,0,0,117.0,79.0,-44,44,1.0,0.6752136752136753,20,0.09433962264150944,0.0,0.0,0.0,0.0,0.0,0.0,24.0,18.0,2025-08-08,0.9730215827338129,0.6735611510791367,0.5935251798561151,0.8309352517985612,0.0,0.7186151079136691,6.0,Difficult
UA,767,2025-08-08,ORD,DEN,2025-08-08 21:32:00+00:00,2025-08-08 23:22:00+00:00,2025-08-08 21:25:00+00:00,2025-08-08 23:14:00+00:00,200,A321-2NX,Mainline,72,70,62,21,240,0,0,18,2,127,1,0,0,0,0,0,0,119.0,95.0,10,-10,1.0,0.7983193277310925,21,0.0875,0.0,0.0,0.0,0.0,0.0,0.0,-7.0,-8.0,2025-08-08,0.8767985611510791,0.6735611510791367,0.7805755395683454,0.7733812949640287,0.0,0.7137140287769783,7.0,Difficult
OO,5763,2025-08-08,ORD,TUL,2025-08-08 12:45:00+00:00,2025-08-08 14:49:00+00:00,2025-08-08 12:42:00+00:00,2025-08-08 14:24:00+00:00,76,ERJ-175,Express,47,51,34,12,97,2,0,5,1,52,4,0,0,0,0,0,0,42.0,35.0,13,-13,1.0,0.8333333333333334,12,0.12371134020618557,0.0,0.0,0.0,0.0,0.0,0.0,-3.0,-25.0,2025-08-08,0.7661870503597122,0.6735611510791367,0.8309352517985612,0.9631294964028777,0.0,0.7135341726618705,8.0,Difficult
UA,1414,2025-08-08,ORD,BOI,2025-08-08 08:45:00+00:00,2025-08-08 11:43:00+00:00,2025-08-08 08:42:00+00:00,2025-08-08 11:15:00+00:00,150,A320-200,Mainline,42,49,46,8,170,0,0,9,4,102,4,0,0,0,0,0,0,84.0,56.0,-4,4,1.0,0.6666666666666666,17,0.1,0.0,0.0,0.0,0.0,0.0,0.0,-3.0,-28.0,2025-08-08,0.9406474820143885,0.6735611510791367,0.5782374100719424,0.8732014388489209,0.0,0.7105665467625899,9.0,Difficult
UA,1146,2025-08-08,ORD,MBJ,2025-08-08 08:42:00+00:00,2025-08-08 12:49:00+00:00,2025-08-08 08:57:00+00:00,2025-08-08 13:45:00+00:00,166,B737-800,Mainline,73,83,65,8,189,0,0,9,2,94,5,0,0,0,0,0,0,147.0,113.0,8,-8,1.0,0.7687074829931972,16,0.08465608465608465,0.0,0.0,0.0,0.0,0.0,0.0,15.0,56.0,2025-08-08,0.9010791366906474,0.6735611510791367,0.7410071942446043,0.7392086330935251,0.0,0.7091726618705035,10.0,Difficult
OO,5841,2025-08-08,ORD,MEM,2025-08-08 12:45:00+00:00,2025-08-08 14:44:00+00:00,2025-08-08 12:59:00+00:00,2025-08-08 14:41:00+00:00,70,ERJ-175,Express,12,36,34,12,89,2,0,5,0,53,0,0,0,0,0,0,0,55.0,38.0,-22,22,1.0,0.6909090909090909,7,0.07865168539325842,0.0,0.0,0.0,0.0,0.0,0.0,14.0,-3.0,2025-08-08,0.9532374100719424,0.6735611510791367,0.6393884892086331,0.6672661870503597,0.0,0.6963129496402877,11.0,Difficult
UA,1620,2025-08-08,ORD,SEA,2025-08-08 08:50:00+00:00,2025-08-08 11:37:00+00:00,2025-08-08 08:44:00+00:00,2025-08-08 11:24:00+00:00,200,A321-2NX,Mainline,72,82,62,8,251,0,0,14,2,124,4,0,0,0,0,0,0,138.0,107.0,10,-10,1.0,0.7753623188405797,20,0.0796812749003984,0.0,0.0,0.0,0.0,0.0,0.0,-6.0,-13.0,2025-08-08,0.8767985611510791,0.6735611510791367,0.7517985611510791,0.6798561151079137,0.0,0.6939298561151079,12.0,Difficult
OO,5230,2025-08-08,ORD,CRW,2025-08-08 14:00:00+00:00,2025-08-08 16:42:00+00:00,2025-08-08 14:16:00+00:00,2025-08-08 16:52:00+00:00,50,CRJ-550,Express,45,33,29,14,55,0,0,2,1,34,4,0,0,0,0,0,0,28.0,23.0,16,-16,1.0,0.8214285714285714,7,0.12727272727272726,0.0,0.0,0.0,0.0,0.0,0.0,16.0,10.0,2025-08-08,0.7086330935251799,0.6735611510791367,0.8120503597122302,0.9766187050359713,0.0,0.691636690647482,13.0,Difficult
UA,310,2025-08-08,ORD,MCI,2025-08-08 15:53:00+00:00,2025-08-08 17:31:00+00:00,2025-08-08 15:52:00+00:00,2025-08-08 17:21:00+00:00,126,A319-100,Mainline,58,80,43,15,152,1,0,10,3,87,3,0,0,0,0,0,0,126.0,103.0,15,-15,1.0,0.8174603174603174,17,0.1118421052631579,0.0,0.0,0.0,0.0,0.0,0.0,-1.0,-10.0,2025-08-08,0.7284172661870504,0.6735611510791367,0.8003597122302158,0.9370503597122302,0.0,0.6902877697841726,14.0,Difficult
UA,1156,2025-08-08,ORD,MSY,2025-08-08 19:55:00+00:00,2025-08-08 22:25:00+00:00,2025-08-08 20:14:00+00:00,2025-08-08 22:35:00+00:00,179,B737-900,Mainline,62,61,56,19,215,2,0,12,4,116,2,0,0,0,0,0,0,121.0,78.0,6,-6,1.0,0.6446280991735537,20,0.09302325581395349,0.0,0.0,0.0,0.0,0.0,0.0,19.0,10.0,2025-08-08,0.9181654676258992,0.6735611510791367,0.5467625899280576,0.8219424460431655,0.0,0.6887140287769784,15.0,Difficult
UA,1182,2025-08-09,ORD,SJC,2025-08-09 19:55:00+00:00,2025-08-09 22:35:00+00:00,2025-08-09 21:54:00+00:00,2025-08-10 00:17:00+00:00,150,A320-200,Mainline,20,145,110,19,210,2,0,15,5,91,6,0,0,0,0,0,0,56.0,45.0,-90,90,1.0,0.8035714285714286,28,0.13333333333333333,0.0,0.0,0.0,0.0,0.0,0.0,119.0,102.0,2025-08-09,0.982725527831094,0.6621880998080614,0.6641074856046065,0.9021113243761996,0.0,0.7445297504798464,1.0,Difficult
OO,5795,2025-08-09,ORD,TUL,2025-08-09 09:00:00+00:00,2025-08-09 11:12:00+00:00,2025-08-09 09:43:00+00:00,2025-08-09 11:40:00+00:00,76,ERJ-175,Express,-21,44,34,9,83,0,0,5,1,54,2,0,0,0,0,0,0,52.0,48.0,-55,55,1.0,0.9230769230769231,8,0.0963855421686747,0.0,0.0,0.0,0.0,0.0,0.0,43.0,28.0,2025-08-09,0.9577735124760077,0.6621880998080614,0.8627639155470249,0.6103646833013435,0.0,0.7317658349328214,2.0,Difficult
G7,4456,2025-08-09,ORD,CMH,2025-08-09 07:10:00+00:00,2025-08-09 09:40:00+00:00,2025-08-09 07:02:00+00:00,2025-08-09 09:24:00+00:00,50,CRJ-550,Express,40,56,29,7,55,1,0,4,2,39,0,0,0,0,0,0,0,35.0,33.0,11,-11,1.0,0.9428571428571428,7,0.12727272727272726,0.0,0.0,0.0,0.0,0.0,0.0,-8.0,-16.0,2025-08-09,0.8109404990403071,0.6621880998080614,0.8973128598848369,0.8675623800383877,0.0,0.7258637236084452,3.0,Difficult
OO,5376,2025-08-09,ORD,LEX,2025-08-09 14:30:00+00:00,2025-08-09 17:01:00+00:00,2025-08-09 17:15:00+00:00,2025-08-09 19:47:00+00:00,76,ERJ-175,Express,-141,37,39,14,80,1,0,5,0,56,2,0,0,0,0,0,0,64.0,52.0,-180,180,1.0,0.8125,8,0.1,0.0,0.0,0.0,0.0,0.0,0.0,165.0,166.0,2025-08-09,0.9961612284069098,0.6621880998080614,0.690978886756238,0.6372360844529751,0.0,0.7148752399232245,4.0,Difficult
OO,5668,2025-08-09,ORD,MKE,2025-08-09 14:09:00+00:00,2025-08-09 15:10:00+00:00,2025-08-09 14:00:00+00:00,2025-08-09 15:22:00+00:00,50,CRJ-550,Express,40,41,29,14,68,0,0,5,2,33,0,0,0,0,0,0,0,39.0,38.0,11,-11,1.0,0.9743589743589743,7,0.10294117647058823,0.0,0.0,0.0,0.0,0.0,0.0,-9.0,12.0,2025-08-09,0.8109404990403071,0.6621880998080614,0.946257197696737,0.6689059500959693,0.0,0.7058541266794625,5.0,Difficult
G7,4482,2025-08-09,ORD,TUL,2025-08-09 15:35:00+00:00,2025-08-09 17:35:00+00:00,2025-08-09 15:31:00+00:00,2025-08-09 17:17:00+00:00,50,CRJ-550,Express,40,33,29,15,58,1,0,3,1,33,1,0,0,0,0,0,0,35.0,34.0,11,-11,1.0,0.9714285714285714,6,0.10344827586206896,0.0,0.0,0.0,0.0,0.0,0.0,-4.0,-18.0,2025-08-09,0.8109404990403071,0.6621880998080614,0.9404990403071017,0.6756238003838771,0.0,0.7057101727447216,6.0,Difficult
OO,5383,2025-08-09,ORD,TVC,2025-08-09 13:55:00+00:00,2025-08-09 16:12:00+00:00,2025-08-09 13:59:00+00:00,2025-08-09 16:07:00+00:00,50,CRJ-550,Express,40,36,29,13,65,1,0,5,0,34,1,0,0,0,0,0,0,36.0,34.0,11,-11,1.0,0.9444444444444444,7,0.1076923076923077,0.0,0.0,0.0,0.0,0.0,0.0,4.0,-5.0,2025-08-09,0.8109404990403071,0.6621880998080614,0.9011516314779271,0.7120921305182342,0.0,0.7033109404990403,7.0,Difficult
UA,1616,2025-08-09,ORD,GRR,2025-08-09 18:32:00+00:00,2025-08-09 20:47:00+00:00,2025-08-09 19:44:00+00:00,2025-08-09 21:40:00+00:00,150,A320-200,Mainline,67,148,110,18,137,2,0,8,0,84,7,0,0,0,0,0,0,95.0,94.0,-43,43,0.9133333333333333,0.9894736842105263,17,0.12408759124087591,0.0,0.0,0.0,0.0,0.0,0.0,72.0,53.0,2025-08-09,0.9481765834932822,0.2380038387715931,0.963531669865643,0.8522072936660269,0.0,0.7,8.0,Difficult
OO,5748,2025-08-09,ORD,YWG,2025-08-09 13:02:00+00:00,2025-08-09 15:31:00+00:00,2025-08-09 13:06:00+00:00,2025-08-09 15:36:00+00:00,70,ERJ-175,Express,47,64,42,13,91,1,0,5,2,45,4,0,0,0,0,0,0,54.0,40.0,5,-5,1.0,0.7407407407407407,12,0.13186813186813187,0.0,0.0,0.0,0.0,0.0,0.0,4.0,5.0,2025-08-09,0.8925143953934741,0.6621880998080614,0.5911708253358925,0.8867562380038387,0.0,0.6960652591170825,9.0,Difficult
G7,4610,2025-08-09,ORD,XNA,2025-08-09 12:41:00+00:00,2025-08-09 14:35:00+00:00,2025-08-09 12:33:00+00:00,2025-08-09 14:29:00+00:00,50,CRJ-550,Express,45,46,33,12,75,1,0,6,3,35,1,0,0,0,0,0,0,39.0,32.0,12,-12,1.0,0.8205128205128205,11,0.14666666666666667,0.0,0.0,0.0,0.0,0.0,0.0,-8.0,-6.0,2025-08-09,0.781190019193858,0.6621880998080614,0.7015355086372361,0.9491362763915547,0.0,0.688531669865643,10.0,Difficult
OO,5726,2025-08-09,ORD,TYS,2025-08-09 07:25:00+00:00,2025-08-09 10:17:00+00:00,2025-08-09 07:50:00+00:00,2025-08-09 10:21:00+00:00,50,CRJ-550,Express,-8,27,29,7,62,0,0,3,1,35,4,0,0,0,0,0,0,24.0,16.0,-37,37,1.0,0.6666666666666666,8,0.12903225806451613,0.0,0.0,0.0,0.0,0.0,0.0,25.0,4.0,2025-08-09,0.944337811900192,0.6621880998080614,0.46833013435700577,0.8742802303262955,0.0,0.6877639155470249,11.0,Difficult
OO,5045,2025-08-09,ORD,RHI,2025-08-09 16:35:00+00:00,2025-08-09 17:57:00+00:00,2025-08-09 16:31:00+00:00,2025-08-09 18:18:00+00:00,50,CRJ-200,Express,42,42,29,16,50,1,0,5,2,23,1,0,0,0,0,0,0,48.0,39.0,13,-13,1.0,0.8125,9,0.18,0.0,0.0,0.0,0.0,0.0,0.0,-4.0,21.0,2025-08-09,0.7600767754318618,0.6621880998080614,0.690978886756238,0.9923224568138196,0.0,0.6855086372360844,12.0,Difficult
UA,2184,2025-08-09,ORD,EGE,2025-08-09 16:00:00+00:00,2025-08-09 18:03:00+00:00,2025-08-09 20:22:00+00:00,2025-08-09 22:36:00+00:00,126,B737-700,Mainline,-175,78,43,16,185,4,0,22,7,61,1,0,0,0,0,0,0,79.0,37.0,-218,218,1.0,0.46835443037974683,34,0.1837837837837838,0.0,0.0,0.0,0.0,0.0,0.0,262.0,273.0,2025-08-09,0.9980806142034548,0.6621880998080614,0.2687140115163148,0.9942418426103646,0.0,0.6846449136276391,13.0,Difficult
UA,2154,2025-08-09,ORD,ROC,2025-08-09 18:25:00+00:00,2025-08-09 21:13:00+00:00,2025-08-09 19:50:00+00:00,2025-08-09 22:24:00+00:00,179,B737-900,Mainline,123,192,119,18,191,0,0,12,1,93,3,0,0,0,0,0,0,146.0,134.0,4,-4,1.0,0.9178082191780822,16,0.08376963350785341,0.0,0.0,0.0,0.0,0.0,0.0,85.0,71.0,2025-08-09,0.8992322456813819,0.6621880998080614,0.8560460652591171,0.418426103646833,0.0,0.6811420345489444,14.0,Difficult
UA,2333,2025-08-09,ORD,BWI,2025-08-09 10:46:00+00:00,2025-08-09 13:48:00+00:00,2025-08-09 13:28:00+00:00,2025-08-09 16:24:00+00:00,179,B737-900,Mainline,-119,51,56,10,208,2,0,9,4,120,7,0,0,0,0,0,0,175.0,119.0,-175,175,1.0,0.68,22,0.10576923076923077,0.0,0.0,0.0,0.0,0.0,0.0,162.0,156.0,2025-08-09,0.9942418426103646,0.6621880998080614,0.4817658349328215,0.6948176583493282,0.0,0.6809980806142033,15.0,Difficult
OO,4809,2025-08-10,ORD,ICT,2025-08-10 09:03:00+00:00,2025-08-10 11:21:00+00:00,2025-08-10 10:11:00+00:00,2025-08-10 12:30:00+00:00,76,ERJ-175,Express,-32,35,34,9,102,1,0,8,1,49,5,0,0,0,0,0,0,42.0,36.0,-66,66,1.0,0.8571428571428571,15,0.14705882352941177,0.0,0.0,0.0,0.0,0.0,0.0,68.0,69.0,2025-08-10,0.9587073608617595,0.677737881508079,0.8859964093357271,0.9982046678635548,0.0,0.7980251346499103,1.0,Difficult
OO,5557,2025-08-10,ORD,OKC,2025-08-10 09:15:00+00:00,2025-08-10 11:54:00+00:00,2025-08-10 09:51:00+00:00,2025-08-10 12:23:00+00:00,76,ERJ-175,Express,-16,32,39,9,86,2,0,6,3,57,2,0,0,0,0,0,0,57.0,48.0,-55,55,1.0,0.8421052631578947,13,0.1511627906976744,0.0,0.0,0.0,0.0,0.0,0.0,36.0,29.0,2025-08-10,0.9497307001795332,0.677737881508079,0.8734290843806104,1.0,0.0,0.7926391382405745,2.0,Difficult
UA,2684,2025-08-10,ORD,FCA,2025-08-10 08:45:00+00:00,2025-08-10 11:36:00+00:00,2025-08-10 08:48:00+00:00,2025-08-10 11:44:00+00:00,179,B737-MAX9,Mainline,40,63,56,8,249,2,0,17,7,100,2,0,0,0,0,0,0,117.0,87.0,-16,16,1.0,0.7435897435897436,28,0.11244979919678715,0.0,0.0,0.0,0.0,0.0,0.0,3.0,8.0,2025-08-10,0.9236983842010772,0.677737881508079,0.7450628366247756,0.9299820466786356,0.0,0.7473518850987433,3.0,Difficult
G7,4558,2025-08-10,ORD,XNA,2025-08-10 08:42:00+00:00,2025-08-10 10:43:00+00:00,2025-08-10 08:51:00+00:00,2025-08-10 10:57:00+00:00,50,CRJ-550,Express,37,51,29,8,69,1,0,6,1,29,2,0,0,0,0,0,0,29.0,22.0,8,-8,1.0,0.7586206896551724,10,0.14492753623188406,0.0,0.0,0.0,0.0,0.0,0.0,9.0,14.0,2025-08-10,0.8689407540394973,0.677737881508079,0.770197486535009,0.9964093357271095,0.0,0.7431777378815081,4.0,Difficult
G7,4585,2025-08-10,ORD,DAY,2025-08-10 10:55:00+00:00,2025-08-10 13:18:00+00:00,2025-08-10 11:24:00+00:00,2025-08-10 13:29:00+00:00,50,CRJ-550,Express,-25,29,29,10,52,1,0,1,0,48,3,0,0,0,0,0,0,33.0,24.0,-54,54,1.0,0.7272727272727273,5,0.09615384615384616,0.0,0.0,0.0,0.0,0.0,0.0,29.0,11.0,2025-08-10,0.9461400359066428,0.677737881508079,0.7280071813285458,0.8357271095152603,0.0,0.7376570915619389,5.0,Difficult
OO,4780,2025-08-10,ORD,CAK,2025-08-10 11:00:00+00:00,2025-08-10 13:34:00+00:00,2025-08-10 12:14:00+00:00,2025-08-10 14:35:00+00:00,50,CRJ-550,Express,-58,51,29,11,57,0,0,3,2,37,1,0,0,0,0,0,0,35.0,23.0,-87,87,1.0,0.6571428571428571,6,0.10526315789473684,0.0,0.0,0.0,0.0,0.0,0.0,74.0,61.0,2025-08-10,0.9730700179533214,0.677737881508079,0.6211849192100538,0.8931777378815081,0.0,0.7343357271095153,6.0,Difficult
G7,4474,2025-08-10,ORD,AVL,2025-08-10 07:25:00+00:00,2025-08-10 10:21:00+00:00,2025-08-10 08:43:00+00:00,2025-08-10 11:42:00+00:00,50,CRJ-550,Express,-32,62,29,7,56,1,0,2,0,37,1,0,0,0,0,0,0,27.0,22.0,-61,61,1.0,0.8148148148148148,4,0.07142857142857142,0.0,0.0,0.0,0.0,0.0,0.0,78.0,81.0,2025-08-10,0.9551166965888689,0.677737881508079,0.8402154398563735,0.5951526032315978,0.0,0.7271543985637342,7.0,Difficult
OO,5984,2025-08-10,ORD,BIL,2025-08-10 09:20:00+00:00,2025-08-10 11:36:00+00:00,2025-08-10 09:48:00+00:00,2025-08-10 12:02:00+00:00,76,ERJ-175,Express,-1,37,34,9,101,0,0,6,2,49,2,0,0,0,0,0,0,48.0,33.0,-35,35,1.0,0.6875,10,0.09900990099009901,0.0,0.0,0.0,0.0,0.0,0.0,28.0,26.0,2025-08-10,0.9353680430879713,0.677737881508079,0.6750448833034112,0.8509874326750448,0.0,0.7255834829443447,8.0,Difficult
UA,1010,2025-08-10,ORD,DCA,2025-08-10 08:00:00+00:00,2025-08-10 10:56:00+00:00,2025-08-10 08:00:00+00:00,2025-08-10 10:56:00+00:00,150,A320-200,Mainline,13,42,46,8,168,1,0,7,2,119,7,0,0,0,0,0,0,82.0,54.0,-33,33,1.0,0.6585365853658537,17,0.10119047619047619,0.0,0.0,0.0,0.0,0.0,0.0,0.0,0.0,2025-08-10,0.933572710951526,0.677737881508079,0.6265709156193896,0.8689407540394973,0.0,0.7179533213644523,9.0,Difficult
UA,1674,2025-08-10,ORD,AUA,2025-08-10 08:35:00+00:00,2025-08-10 14:50:00+00:00,2025-08-10 08:34:00+00:00,2025-08-10 14:42:00+00:00,179,B737-900,Mainline,66,71,70,8,230,2,0,15,5,71,4,0,0,0,0,0,0,123.0,80.0,-4,4,1.0,0.6504065040650406,26,0.11304347826086956,0.0,0.0,0.0,0.0,0.0,0.0,-1.0,-8.0,2025-08-10,0.9102333931777379,0.677737881508079,0.6050269299820467,0.933572710951526,0.0,0.7151705565529622,10.0,Difficult
UA,786,2025-08-10,ORD,BTV,2025-08-10 11:17:00+00:00,2025-08-10 14:33:00+00:00,2025-08-10 12:18:00+00:00,2025-08-10 15:15:00+00:00,150,A320-200,Mainline,-31,58,46,11,164,2,0,8,1,103,3,0,0,0,0,0,0,108.0,71.0,-77,77,1.0,0.6574074074074074,14,0.08536585365853659,0.0,0.0,0.0,0.0,0.0,0.0,61.0,42.0,2025-08-10,0.9658886894075404,0.677737881508079,0.6229802513464991,0.7432675044883303,0.0,0.7096947935368043,11.0,Difficult
G7,4610,2025-08-10,ORD,XNA,2025-08-10 12:41:00+00:00,2025-08-10 14:35:00+00:00,2025-08-10 12:34:00+00:00,2025-08-10 14:10:00+00:00,50,CRJ-550,Express,36,61,29,12,54,0,0,2,0,35,2,0,0,0,0,0,0,18.0,15.0,7,-7,1.0,0.8333333333333334,4,0.07407407407407407,0.0,0.0,0.0,0.0,0.0,0.0,-7.0,-25.0,2025-08-10,0.8761220825852782,0.677737881508079,0.8599640933572711,0.6238779174147218,0.0,0.7077648114901257,12.0,Difficult
UA,1923,2025-08-10,ORD,CID,2025-08-10 20:05:00+00:00,2025-08-10 21:21:00+00:00,2025-08-10 20:36:00+00:00,2025-08-10 22:03:00+00:00,126,A319-100,Mainline,49,90,43,20,138,2,0,4,1,87,2,0,0,0,0,0,0,62.0,56.0,6,-6,1.0,0.9032258064516129,9,0.06521739130434782,0.0,0.0,0.0,0.0,0.0,0.0,31.0,42.0,2025-08-10,0.8859964093357271,0.677737881508079,0.9192100538599641,0.5080789946140036,0.0,0.7057001795332136,13.0,Difficult
OO,5435,2025-08-10,ORD,BDL,2025-08-10 08:50:00+00:00,2025-08-10 12:22:00+00:00,2025-08-10 08:54:00+00:00,2025-08-10 12:26:00+00:00,76,ERJ-175,Express,45,68,34,8,104,0,0,9,3,49,3,0,0,0,0,0,0,53.0,37.0,11,-11,1.0,0.6981132075471698,15,0.14423076923076922,0.0,0.0,0.0,0.0,0.0,0.0,4.0,4.0,2025-08-10,0.8087971274685817,0.677737881508079,0.6876122082585279,0.9946140035906643,0.0,0.7053411131059246,14.0,Difficult
UA,1178,2025-08-10,ORD,ORF,2025-08-10 18:32:00+00:00,2025-08-10 21:50:00+00:00,2025-08-10 22:06:00+00:00,2025-08-11 01:10:00+00:00,179,B737-900,Mainline,12,50,56,18,191,0,0,7,3,137,3,0,0,0,0,0,0,142.0,111.0,-44,44,1.0,0.7816901408450704,13,0.06806282722513089,0.0,0.0,0.0,0.0,0.0,0.0,214.0,200.0,2025-08-10,0.9380610412926391,0.677737881508079,0.7935368043087971,0.5493716337522442,0.0,0.7049820466786355,15.0,Difficult
OO,4789,2025-08-11,ORD,FAR,2025-08-11 20:00:00+00:00,2025-08-11 22:12:00+00:00,2025-08-11 21:02:00+00:00,2025-08-11 23:13:00+00:00,76,ERJ-175,Express,-25,46,34,20,88,1,0,7,3,39,1,0,0,0,0,0,0,37.0,31.0,-59,59,1.0,0.8378378378378378,12,0.13636363636363635,0.0,0.0,0.0,0.0,0.0,0.0,62.0,61.0,2025-08-11,0.9771929824561404,0.6833333333333333,0.8122807017543859,0.9903508771929824,0.0,0.7896929824561404,1.0,Difficult
OO,4636,2025-08-11,ORD,SBN,2025-08-11 17:50:00+00:00,2025-08-11 19:48:00+00:00,2025-08-11 17:44:00+00:00,2025-08-11 19:35:00+00:00,50,CRJ-550,Express,41,58,29,17,52,1,0,2,0,39,4,0,0,0,0,0,0,27.0,28.0,12,-12,1.0,1.0,7,0.1346153846153846,0.0,0.0,0.0,0.0,0.0,0.0,-6.0,-13.0,2025-08-11,0.8114035087719298,0.6833333333333333,0.9868421052631579,0.987719298245614,0.0,0.7661842105263157,2.0,Difficult
OO,5392,2025-08-11,ORD,OKC,2025-08-11 19:36:00+00:00,2025-08-11 22:03:00+00:00,2025-08-11 19:45:00+00:00,2025-08-11 21:57:00+00:00,76,ERJ-175,Express,41,40,34,19,92,1,0,5,0,51,2,0,0,0,0,0,0,75.0,67.0,7,-7,1.0,0.8933333333333333,8,0.08695652173913043,0.0,0.0,0.0,0.0,0.0,0.0,9.0,-6.0,2025-08-11,0.9271929824561403,0.6833333333333333,0.8789473684210526,0.8614035087719298,0.0,0.7661842105263157,3.0,Difficult
UA,2200,2025-08-11,ORD,SEA,2025-08-11 21:16:00+00:00,2025-08-11 23:59:00+00:00,2025-08-11 21:23:00+00:00,2025-08-11 23:56:00+00:00,166,B737-MAX8,Mainline,63,61,51,21,178,2,0,13,5,90,2,0,0,0,0,0,0,89.0,87.0,12,-12,1.0,0.9775280898876404,22,0.12359550561797752,0.0,0.0,0.0,0.0,0.0,0.0,7.0,-3.0,2025-08-11,0.8114035087719298,0.6833333333333333,0.9701754385964912,0.9736842105263158,0.0,0.7607456140350877,4.0,Difficult
OO,5999,2025-08-11,ORD,OKC,2025-08-11 13:20:00+00:00,2025-08-11 15:49:00+00:00,2025-08-11 14:03:00+00:00,2025-08-11 18:14:00+00:00,70,ERJ-175,Express,41,34,34,13,78,0,0,3,1,63,1,0,0,0,0,0,0,41.0,38.0,7,-7,1.0,0.926829268292683,5,0.0641025641025641,0.0,0.0,0.0,0.0,0.0,0.0,43.0,145.0,2025-08-11,0.9271929824561403,0.6833333333333333,0.9263157894736842,0.6403508771929824,0.0,0.7424999999999999,5.0,Difficult
YX,3433,2025-08-11,ORD,CVG,2025-08-11 16:35:00+00:00,2025-08-11 19:02:00+00:00,2025-08-11 16:39:00+00:00,2025-08-11 18:57:00+00:00,76,ERJ-175,Express,45,74,39,16,92,0,0,5,2,62,3,0,0,0,0,0,0,63.0,43.0,6,-6,1.0,0.6825396825396826,10,0.10869565217391304,0.0,0.0,0.0,0.0,0.0,0.0,4.0,-5.0,2025-08-11,0.9359649122807018,0.6833333333333333,0.6157894736842106,0.9456140350877194,0.0,0.7292543859649123,6.0,Difficult
UA,1616,2025-08-11,ORD,GRR,2025-08-11 18:20:00+00:00,2025-08-11 20:35:00+00:00,2025-08-11 18:19:00+00:00,2025-08-11 20:37:00+00:00,179,B737-900,Mainline,70,85,56,18,213,5,0,13,2,119,1,0,0,0,0,0,0,113.0,108.0,14,-14,1.0,0.9557522123893806,21,0.09859154929577464,0.0,0.0,0.0,0.0,0.0,0.0,-1.0,2.0,2025-08-11,0.7596491228070176,0.6833333333333333,0.9438596491228071,0.9087719298245615,0.0,0.7276315789473684,7.0,Difficult
UA,587,2025-08-11,ORD,YUL,2025-08-11 14:07:00+00:00,2025-08-11 17:26:00+00:00,2025-08-11 14:12:00+00:00,2025-08-11 17:36:00+00:00,166,B737-MAX8,Mainline,61,59,65,14,191,0,0,11,2,119,1,0,0,0,0,0,0,91.0,69.0,-4,4,1.0,0.7582417582417582,14,0.07329842931937172,0.0,0.0,0.0,0.0,0.0,0.0,5.0,10.0,2025-08-11,0.956140350877193,0.6833333333333333,0.7017543859649122,0.7543859649122807,0.0,0.7248245614035088,8.0,Difficult
UA,1583,2025-08-11,ORD,BWI,2025-08-11 18:35:00+00:00,2025-08-11 21:42:00+00:00,2025-08-11 19:38:00+00:00,2025-08-11 22:47:00+00:00,179,B737-900,Mainline,19,88,56,18,199,0,0,6,0,141,5,0,0,0,0,0,0,128.0,102.0,-37,37,1.0,0.796875,11,0.05527638190954774,0.0,0.0,0.0,0.0,0.0,0.0,63.0,65.0,2025-08-11,0.968421052631579,0.6833333333333333,0.7491228070175439,0.5298245614035088,0.0,0.7049122807017543,9.0,Difficult
OO,5624,2025-08-11,ORD,LEX,2025-08-11 17:50:00+00:00,2025-08-11 20:21:00+00:00,2025-08-11 17:51:00+00:00,2025-08-11 20:17:00+00:00,76,ERJ-175,Express,41,65,34,17,90,1,0,2,1,62,1,0,0,0,0,0,0,53.0,43.0,7,-7,1.0,0.8113207547169812,5,0.05555555555555555,0.0,0.0,0.0,0.0,0.0,0.0,1.0,-4.0,2025-08-11,0.9271929824561403,0.6833333333333333,0.775438596491228,0.5350877192982456,0.0,0.6965350877192982,10.0,Difficult
UA,767,2025-08-11,ORD,DEN,2025-08-11 21:32:00+00:00,2025-08-11 23:22:00+00:00,2025-08-11 21:41:00+00:00,2025-08-11 23:50:00+00:00,200,A321-2NX,Mainline,72,70,62,21,224,2,0,10,2,146,2,0,0,0,0,0,0,99.0,74.0,10,-10,1.0,0.7474747474747475,16,0.07142857142857142,0.0,0.0,0.0,0.0,0.0,0.0,9.0,28.0,2025-08-11,0.887719298245614,0.6833333333333333,0.6912280701754386,0.7324561403508771,0.0,0.6954824561403509,11.0,Difficult
UA,1851,2025-08-11,ORD,ALB,2025-08-11 09:00:00+00:00,2025-08-11 12:11:00+00:00,2025-08-11 08:58:00+00:00,2025-08-11 12:12:00+00:00,126,A319-100,Mainline,61,70,51,9,145,1,0,7,2,87,1,0,0,0,0,0,0,96.0,69.0,10,-10,1.0,0.71875,11,0.07586206896551724,0.0,0.0,0.0,0.0,0.0,0.0,-2.0,1.0,2025-08-11,0.887719298245614,0.6833333333333333,0.6543859649122807,0.7807017543859649,0.0,0.6953508771929824,12.0,Difficult
UA,2154,2025-08-11,ORD,ROC,2025-08-11 18:25:00+00:00,2025-08-11 21:13:00+00:00,2025-08-12 00:05:00+00:00,2025-08-12 02:48:00+00:00,179,B737-900,Mainline,-120,153,56,18,175,2,0,4,1,121,4,0,0,0,0,0,0,113.0,106.0,-176,176,0.9776536312849162,0.9380530973451328,11,0.06285714285714286,0.0,0.0,0.0,0.0,0.0,0.0,340.0,335.0,2025-08-11,0.9982456140350877,0.3236842105263158,0.9333333333333333,0.6298245614035087,0.0,0.6952631578947368,13.0,Difficult
OO,5290,2025-08-11,ORD,BOI,2025-08-11 19:45:00+00:00,2025-08-11 22:52:00+00:00,2025-08-11 20:58:00+00:00,2025-08-11 23:56:00+00:00,76,ERJ-175,Express,-40,46,34,19,74,1,0,3,2,52,0,0,0,0,0,0,0,52.0,44.0,-74,74,0.9736842105263158,0.8461538461538461,6,0.08108108108108109,0.0,0.0,0.0,0.0,0.0,0.0,73.0,64.0,2025-08-11,0.9842105263157894,0.3175438596491228,0.8192982456140351,0.8201754385964912,0.0,0.6948684210526316,14.0,Difficult
UA,2665,2025-08-11,ORD,IAH,2025-08-11 21:07:00+00:00,2025-08-11 23:57:00+00:00,2025-08-12 00:43:00+00:00,2025-08-12 03:07:00+00:00,179,B737-900,Mainline,-62,176,56,21,210,4,0,14,4,117,2,0,0,0,0,0,0,151.0,75.0,-118,118,1.0,0.4966887417218543,24,0.11428571428571428,0.0,0.0,0.0,0.0,0.0,0.0,216.0,190.0,2025-08-11,0.9894736842105263,0.6833333333333333,0.3280701754385965,0.9614035087719298,0.0,0.6928070175438596,15.0,Difficult
UA,1361,2025-08-12,ORD,STL,2025-08-12 21:20:00+00:00,2025-08-12 22:45:00+00:00,2025-08-13 00:02:00+00:00,2025-08-13 01:03:00+00:00,126,A319-100,Mainline,57,209,43,21,141,1,0,9,0,77,5,0,0,0,0,0,0,131.0,117.0,14,-14,1.0,0.8931297709923665,15,0.10638297872340426,0.0,0.0,0.0,0.0,0.0,0.0,162.0,138.0,2025-08-12,0.7695560253699789,0.8202959830866807,0.8921775898520085,0.8890063424947146,0.0,0.7451902748414375,1.0,Difficult
OO,5643,2025-08-12,ORD,CAK,2025-08-12 21:10:00+00:00,2025-08-12 23:46:00+00:00,2025-08-12 22:44:00+00:00,2025-08-13 01:17:00+00:00,50,CRJ-550,Express,45,43,29,21,68,1,0,4,1,36,5,0,0,0,0,0,0,35.0,29.0,16,-16,1.0,0.8285714285714286,11,0.16176470588235295,0.0,0.0,0.0,0.0,0.0,0.0,94.0,91.0,2025-08-12,0.7272727272727273,0.8202959830866807,0.8012684989429175,0.9936575052854123,0.0,0.727906976744186,2.0,Difficult
OO,5930,2025-08-12,ORD,FAR,2025-08-12 13:20:00+00:00,2025-08-12 15:26:00+00:00,2025-08-12 13:24:00+00:00,2025-08-12 15:15:00+00:00,76,ERJ-175,Express,41,45,34,13,83,0,0,5,1,50,1,0,0,0,0,0,0,45.0,34.0,7,-7,1.0,0.7555555555555555,7,0.08433734939759036,0.0,0.0,0.0,0.0,0.0,0.0,4.0,-11.0,2025-08-12,0.9038054968287527,0.8202959830866807,0.6871035940803383,0.7241014799154334,0.0,0.7264270613107823,3.0,Difficult
YX,3535,2025-08-12,ORD,MSN,2025-08-12 12:45:00+00:00,2025-08-12 13:54:00+00:00,2025-08-12 12:35:00+00:00,2025-08-12 13:26:00+00:00,76,ERJ-175,Express,40,54,34,12,74,1,0,3,1,44,1,0,0,0,0,0,0,33.0,30.0,6,-6,0.9736842105263158,0.9090909090909091,6,0.08108108108108109,0.0,0.0,0.0,0.0,0.0,0.0,-10.0,-28.0,2025-08-12,0.9101479915433404,0.5961945031712473,0.9080338266384778,0.6955602536997886,0.0,0.7237315010570825,4.0,Difficult
OO,5383,2025-08-12,ORD,TVC,2025-08-12 13:55:00+00:00,2025-08-12 16:12:00+00:00,2025-08-12 14:07:00+00:00,2025-08-12 16:21:00+00:00,50,CRJ-550,Express,40,33,29,13,48,0,0,2,1,36,2,0,0,0,0,0,0,43.0,40.0,11,-11,0.96,0.9302325581395349,5,0.10416666666666667,0.0,0.0,0.0,0.0,0.0,0.0,12.0,9.0,2025-08-12,0.846723044397463,0.5655391120507399,0.9175475687103594,0.8668076109936576,0.0,0.7229915433403806,5.0,Difficult
UA,445,2025-08-12,ORD,ANC,2025-08-12 15:50:00+00:00,2025-08-12 19:35:00+00:00,2025-08-12 15:56:00+00:00,2025-08-12 20:25:00+00:00,179,B737-MAX9,Mainline,75,95,56,15,202,1,0,13,4,86,7,0,0,0,0,0,0,176.0,157.0,19,-19,1.0,0.8920454545454546,25,0.12376237623762376,0.0,0.0,0.0,0.0,0.0,0.0,6.0,50.0,2025-08-12,0.6649048625792812,0.8202959830866807,0.8879492600422833,0.9513742071881607,0.0,0.7170718816067654,6.0,Difficult
OO,4792,2025-08-12,ORD,ROA,2025-08-12 17:57:00+00:00,2025-08-12 21:04:00+00:00,2025-08-13 07:28:00+00:00,2025-08-13 10:22:00+00:00,76,ERJ-175,Express,-147,511,34,17,62,0,0,4,1,36,3,0,0,0,0,0,0,68.0,56.0,-181,181,0.8157894736842105,0.8235294117647058,8,0.12903225806451613,0.0,0.0,0.0,0.0,0.0,0.0,811.0,798.0,2025-08-12,0.9809725158562368,0.3382663847780127,0.7917547568710359,0.9661733615221987,0.0,0.7142706131078224,7.0,Difficult
UA,2278,2025-08-12,ORD,SEA,2025-08-12 16:15:00+00:00,2025-08-12 18:58:00+00:00,2025-08-12 21:17:00+00:00,2025-08-12 23:47:00+00:00,200,A321-2NX,Mainline,-250,54,62,16,196,0,0,6,1,130,10,0,0,0,0,0,0,108.0,77.0,-312,312,0.98,0.7129629629629629,17,0.08673469387755102,0.0,0.0,0.0,0.0,0.0,0.0,302.0,289.0,2025-08-12,0.9957716701902748,0.6131078224101479,0.6257928118393234,0.7505285412262156,0.0,0.7088794926004228,8.0,Difficult
OO,5977,2025-08-12,ORD,ICT,2025-08-12 12:45:00+00:00,2025-08-12 14:48:00+00:00,2025-08-12 13:32:00+00:00,2025-08-12 15:43:00+00:00,76,ERJ-175,Express,47,58,34,12,86,1,0,4,0,52,4,0,0,0,0,0,0,35.0,26.0,13,-13,1.0,0.7428571428571429,9,0.10465116279069768,0.0,0.0,0.0,0.0,0.0,0.0,47.0,55.0,2025-08-12,0.7906976744186046,0.8202959830866807,0.6765327695560254,0.8752642706131079,0.0,0.707399577167019,9.0,Difficult
UA,2243,2025-08-12,ORD,RIC,2025-08-12 18:20:00+00:00,2025-08-12 21:30:00+00:00,2025-08-12 20:52:00+00:00,2025-08-13 00:30:00+00:00,166,B737-800,Mainline,-3,52,51,18,162,1,0,8,0,94,2,0,0,0,0,0,0,66.0,55.0,-54,54,0.9759036144578314,0.8333333333333334,11,0.06790123456790123,0.0,0.0,0.0,0.0,0.0,0.0,152.0,180.0,2025-08-12,0.9704016913319239,0.5983086680761099,0.8097251585623678,0.5687103594080338,0.0,0.706553911205074,10.0,Difficult
OO,5314,2025-08-12,ORD,LNK,2025-08-12 19:40:00+00:00,2025-08-12 21:36:00+00:00,2025-08-13 08:11:00+00:00,2025-08-13 09:43:00+00:00,50,CRJ-550,Express,-726,30,29,19,25,0,0,1,0,22,2,0,0,0,0,0,0,13.0,13.0,-755,755,0.5,1.0,3,0.12,0.0,0.0,0.0,0.0,0.0,0.0,751.0,727.0,2025-08-12,1.0,0.0824524312896406,0.985200845665962,0.9408033826638478,0.0,0.7046511627906976,11.0,Difficult
UA,1269,2025-08-12,ORD,CLE,2025-08-12 18:00:00+00:00,2025-08-12 20:28:00+00:00,2025-08-12 20:28:00+00:00,2025-08-12 23:20:00+00:00,166,B737-800,Mainline,55,65,51,18,176,0,0,4,1,137,6,0,0,0,0,0,0,165.0,127.0,4,-4,1.0,0.7696969696969697,11,0.0625,0.0,0.0,0.0,0.0,0.0,0.0,148.0,172.0,2025-08-12,0.9186046511627907,0.8202959830866807,0.718816067653277,0.49365750528541225,0.0,0.7033826638477801,12.0,Difficult
UA,1414,2025-08-12,ORD,BOI,2025-08-12 08:45:00+00:00,2025-08-12 11:43:00+00:00,2025-08-12 08:48:00+00:00,2025-08-12 11:24:00+00:00,150,A320-200,Mainline,57,82,46,8,162,4,0,6,1,95,6,0,0,0,0,0,0,82.0,55.0,11,-11,1.0,0.6707317073170732,17,0.10493827160493827,0.0,0.0,0.0,0.0,0.0,0.0,3.0,-19.0,2025-08-12,0.846723044397463,0.8202959830866807,0.5454545454545454,0.879492600422833,0.0,0.7014270613107823,13.0,Difficult
UA,1448,2025-08-12,ORD,BUF,2025-08-12 14:10:00+00:00,2025-08-12 16:55:00+00:00,2025-08-12 15:06:00+00:00,2025-08-12 19:41:00+00:00,126,B737-700,Mainline,69,143,51,14,144,1,0,7,2,84,3,0,0,0,0,0,0,80.0,72.0,18,-18,1.0,0.9,13,0.09027777777777778,0.0,0.0,0.0,0.0,0.0,0.0,56.0,166.0,2025-08-12,0.6797040169133193,0.8202959830866807,0.9027484143763214,0.7716701902748414,0.0,0.6982558139534885,14.0,Difficult
UA,247,2025-08-12,ORD,OMA,2025-08-12 12:45:00+00:00,2025-08-12 14:22:00+00:00,2025-08-12 20:00:00+00:00,2025-08-12 21:29:00+00:00,150,A320-200,Mainline,-249,137,46,12,122,1,0,5,1,80,5,0,0,0,0,0,0,70.0,57.0,-295,295,0.8133333333333334,0.8142857142857143,12,0.09836065573770492,0.0,0.0,0.0,0.0,0.0,0.0,435.0,427.0,2025-08-12,0.9915433403805497,0.33192389006342493,0.7748414376321353,0.8266384778012685,0.0,0.6923890063424947,15.0,Difficult
OO,5984,2025-08-13,ORD,BIL,2025-08-13 09:20:00+00:00,2025-08-13 11:36:00+00:00,2025-08-13 10:02:00+00:00,2025-08-13 12:04:00+00:00,76,ERJ-175,Express,-11,35,39,9,98,3,0,9,2,47,2,0,0,0,0,0,0,58.0,51.0,-50,50,1.0,0.8793103448275862,16,0.16326530612244897,0.0,0.0,0.0,0.0,0.0,0.0,42.0,28.0,2025-08-13,0.9697542533081286,0.7088846880907372,0.8733459357277883,0.994328922495274,0.0,0.8050094517958413,1.0,Difficult
OO,5964,2025-08-13,ORD,CID,2025-08-13 17:57:00+00:00,2025-08-13 19:13:00+00:00,2025-08-13 18:44:00+00:00,2025-08-13 19:56:00+00:00,76,ERJ-175,Express,59,108,70,17,82,0,0,4,2,61,4,0,0,0,0,0,0,50.0,46.0,-11,11,1.0,0.92,10,0.12195121951219512,0.0,0.0,0.0,0.0,0.0,0.0,47.0,43.0,2025-08-13,0.943289224952741,0.7088846880907372,0.9215500945179584,0.9603024574669187,0.0,0.8002835538752363,2.0,Difficult
UA,2038,2025-08-13,ORD,BUF,2025-08-13 07:15:00+00:00,2025-08-13 09:54:00+00:00,2025-08-13 07:48:00+00:00,2025-08-13 10:12:00+00:00,126,A319-100,Mainline,-17,42,43,7,143,3,0,7,2,80,5,0,0,0,0,0,0,61.0,53.0,-60,60,1.0,0.8688524590163934,17,0.11888111888111888,0.0,0.0,0.0,0.0,0.0,0.0,33.0,18.0,2025-08-13,0.9773156899810964,0.7088846880907372,0.8563327032136105,0.9489603024574669,0.0,0.7974480151228733,3.0,Difficult
G7,4436,2025-08-13,ORD,SGF,2025-08-13 12:45:00+00:00,2025-08-13 14:31:00+00:00,2025-08-13 12:38:00+00:00,2025-08-13 14:12:00+00:00,50,CRJ-550,Express,40,55,29,12,60,0,0,3,1,38,3,0,0,0,0,0,0,31.0,30.0,11,-11,1.0,0.967741935483871,7,0.11666666666666667,0.0,0.0,0.0,0.0,0.0,0.0,-7.0,-19.0,2025-08-13,0.8459357277882797,0.7088846880907372,0.9763705103969754,0.9395085066162571,0.0,0.774054820415879,4.0,Difficult
OO,5360,2025-08-13,ORD,MBS,2025-08-13 13:55:00+00:00,2025-08-13 16:10:00+00:00,2025-08-13 13:53:00+00:00,2025-08-13 15:56:00+00:00,50,CRJ-550,Express,40,35,29,13,51,0,0,1,0,41,4,0,0,0,0,0,0,42.0,39.0,11,-11,1.0,0.9285714285714286,5,0.09803921568627451,0.0,0.0,0.0,0.0,0.0,0.0,-2.0,-14.0,2025-08-13,0.8459357277882797,0.7088846880907372,0.9338374291115312,0.8676748582230623,0.0,0.7547731568998111,5.0,Difficult
YX,3409,2025-08-13,ORD,YOW,2025-08-13 13:56:00+00:00,2025-08-13 17:06:00+00:00,2025-08-13 15:31:00+00:00,2025-08-13 18:32:00+00:00,76,ERJ-175,Express,50,92,42,13,81,0,0,2,1,56,4,0,0,0,0,0,0,56.0,50.0,8,-8,1.0,0.8928571428571429,7,0.08641975308641975,0.0,0.0,0.0,0.0,0.0,0.0,95.0,86.0,2025-08-13,0.8913043478260869,0.7088846880907372,0.8960302457466919,0.7731568998109641,0.0,0.7489130434782608,6.0,Difficult
UA,2154,2025-08-13,ORD,ROC,2025-08-13 18:25:00+00:00,2025-08-13 21:13:00+00:00,2025-08-13 19:34:00+00:00,2025-08-13 22:05:00+00:00,179,B737-900,Mainline,5,60,56,18,210,0,0,9,3,126,2,0,0,0,0,0,0,128.0,113.0,-51,51,1.0,0.8828125,14,0.06666666666666667,0.0,0.0,0.0,0.0,0.0,0.0,69.0,52.0,2025-08-13,0.9716446124763705,0.7088846880907372,0.8809073724007561,0.5812854442344045,0.0,0.7452268431001889,7.0,Difficult
UA,276,2025-08-13,ORD,IAD,2025-08-13 21:31:00+00:00,2025-08-14 00:30:00+00:00,2025-08-13 22:20:00+00:00,2025-08-14 01:11:00+00:00,200,A321-2NX,Mainline,-2,55,62,21,201,0,0,12,3,114,3,0,0,0,0,0,0,106.0,81.0,-64,64,1.0,0.7641509433962265,18,0.08955223880597014,0.0,0.0,0.0,0.0,0.0,0.0,49.0,41.0,2025-08-13,0.9829867674858223,0.7088846880907372,0.6918714555765595,0.7958412098298677,0.0,0.7435727788279772,8.0,Difficult
UA,972,2025-08-13,ORD,BRU,2025-08-13 17:55:00+00:00,2025-08-14 09:00:00+00:00,2025-08-13 18:07:00+00:00,2025-08-14 08:52:00+00:00,318,B787-10,Mainline,155,195,155,17,382,0,0,20,3,187,14,0,0,0,0,0,0,400.0,316.0,0,0,1.0,0.79,37,0.0968586387434555,0.0,0.0,0.0,0.0,0.0,0.0,12.0,-8.0,2025-08-13,0.9187145557655955,0.7088846880907372,0.7334593572778828,0.8601134215500945,0.0,0.7390359168241966,9.0,Difficult
G7,4517,2025-08-13,ORD,SCE,2025-08-13 14:10:00+00:00,2025-08-13 17:01:00+00:00,2025-08-13 15:13:00+00:00,2025-08-13 17:50:00+00:00,50,CRJ-550,Express,-18,32,29,14,55,0,0,2,0,41,1,0,0,0,0,0,0,47.0,44.0,-47,47,1.0,0.9361702127659575,3,0.05454545454545454,0.0,0.0,0.0,0.0,0.0,0.0,63.0,49.0,2025-08-13,0.9678638941398866,0.7088846880907372,0.945179584120983,0.44328922495274103,0.0,0.7360586011342155,10.0,Difficult
OO,5470,2025-08-13,ORD,GEG,2025-08-13 08:40:00+00:00,2025-08-13 10:56:00+00:00,2025-08-13 08:36:00+00:00,2025-08-13 10:23:00+00:00,76,ERJ-175,Express,43,51,34,8,94,2,0,3,1,53,4,0,0,0,0,0,0,77.0,60.0,9,-9,1.0,0.7792207792207793,10,0.10638297872340426,0.0,0.0,0.0,0.0,0.0,0.0,-4.0,-33.0,2025-08-13,0.8827977315689981,0.7088846880907372,0.7164461247637051,0.9017013232514177,0.0,0.7293005671077504,11.0,Difficult
OO,5103,2025-08-13,ORD,JLN,2025-08-13 21:50:00+00:00,2025-08-13 23:40:00+00:00,2025-08-14 09:48:00+00:00,2025-08-14 11:29:00+00:00,50,CRJ-200,Express,-614,31,29,21,54,0,0,4,2,26,1,0,0,0,0,0,0,46.0,29.0,-643,643,1.0,0.6304347826086957,7,0.12962962962962962,0.0,0.0,0.0,0.0,0.0,0.0,718.0,709.0,2025-08-13,1.0,0.7088846880907372,0.44328922495274103,0.9688090737240076,0.0,0.7257561436672968,12.0,Difficult
UA,1830,2025-08-13,ORD,DSM,2025-08-13 13:12:00+00:00,2025-08-13 14:41:00+00:00,2025-08-13 13:10:00+00:00,2025-08-13 14:34:00+00:00,150,A320-200,Mainline,58,61,46,13,156,3,0,5,2,115,6,0,0,0,0,0,0,89.0,75.0,12,-12,1.0,0.8426966292134831,16,0.10256410256410256,0.0,0.0,0.0,0.0,0.0,0.0,-2.0,-7.0,2025-08-13,0.8128544423440454,0.7088846880907372,0.8204158790170132,0.8903591682419659,0.0,0.7239130434782609,13.0,Difficult
OO,5383,2025-08-13,ORD,TVC,2025-08-13 13:55:00+00:00,2025-08-13 16:12:00+00:00,2025-08-13 14:03:00+00:00,2025-08-13 16:10:00+00:00,50,CRJ-550,Express,40,58,29,13,54,0,0,1,0,41,3,0,0,0,0,0,0,33.0,27.0,11,-11,1.0,0.8181818181818182,4,0.07407407407407407,0.0,0.0,0.0,0.0,0.0,0.0,8.0,-2.0,2025-08-13,0.8459357277882797,0.7088846880907372,0.7835538752362949,0.6455576559546313,0.0,0.6913988657844989,14.0,Difficult
OO,5526,2025-08-13,ORD,ATW,2025-08-13 18:05:00+00:00,2025-08-13 19:18:00+00:00,2025-08-13 19:26:00+00:00,2025-08-13 20:53:00+00:00,50,CRJ-200,Express,-15,33,29,18,60,0,0,3,1,34,0,0,0,0,0,0,0,55.0,39.0,-44,44,1.0,0.7090909090909091,4,0.06666666666666667,0.0,0.0,0.0,0.0,0.0,0.0,81.0,95.0,2025-08-13,0.9631379962192816,0.7088846880907372,0.5822306238185255,0.5812854442344045,0.0,0.6825141776937618,15.0,Difficult
G7,4482,2025-08-14,ORD,TUL,2025-08-14 15:35:00+00:00,2025-08-14 17:35:00+00:00,2025-08-14 16:10:00+00:00,2025-08-14 17:48:00+00:00,50,CRJ-550,Express,-20,46,29,15,51,0,0,3,1,37,2,0,0,0,0,0,0,40.0,39.0,-49,49,1.0,0.975,6,0.11764705882352941,0.0,0.0,0.0,0.0,0.0,0.0,35.0,13.0,2025-08-14,0.9410714285714286,0.7053571428571429,0.9741071428571428,0.9776785714285714,0.0,0.8119196428571429,1.0,Difficult
OO,5253,2025-08-14,ORD,FCA,2025-08-14 19:42:00+00:00,2025-08-14 22:48:00+00:00,2025-08-15 06:54:00+00:00,2025-08-15 09:53:00+00:00,76,ERJ-175,Express,-43,631,34,19,94,1,0,7,3,39,0,0,0,0,0,0,0,54.0,43.0,-77,77,1.0,0.7962962962962963,11,0.11702127659574468,0.0,0.0,0.0,0.0,0.0,0.0,672.0,665.0,2025-08-14,0.9785714285714285,0.7053571428571429,0.7571428571428571,0.975,0.0,0.78125,2.0,Difficult
UA,580,2025-08-14,ORD,PDX,2025-08-14 16:13:00+00:00,2025-08-14 18:45:00+00:00,2025-08-14 16:36:00+00:00,2025-08-14 18:45:00+00:00,179,B737-MAX9,Mainline,28,65,56,16,214,1,0,14,3,129,8,0,0,0,0,0,0,128.0,98.0,-28,28,1.0,0.765625,26,0.12149532710280374,0.0,0.0,0.0,0.0,0.0,0.0,23.0,0.0,2025-08-14,0.9142857142857143,0.7053571428571429,0.7107142857142857,0.9839285714285714,0.0,0.7508035714285715,3.0,Difficult
OO,5668,2025-08-14,ORD,MKE,2025-08-14 14:09:00+00:00,2025-08-14 15:10:00+00:00,2025-08-14 14:07:00+00:00,2025-08-14 15:11:00+00:00,50,CRJ-550,Express,40,44,29,14,54,0,0,2,0,35,3,0,0,0,0,0,0,37.0,38.0,11,-11,1.0,1.0,5,0.09259259259259259,0.0,0.0,0.0,0.0,0.0,0.0,-2.0,1.0,2025-08-14,0.79375,0.7053571428571429,0.9910714285714286,0.8910714285714286,0.0,0.7507589285714285,4.0,Difficult
UA,224,2025-08-14,ORD,BZN,2025-08-14 09:20:00+00:00,2025-08-14 11:47:00+00:00,2025-08-14 09:55:00+00:00,2025-08-14 11:58:00+00:00,166,B737-800,Mainline,-9,50,51,9,218,3,0,13,4,110,2,0,0,0,0,0,0,118.0,83.0,-60,60,1.0,0.7033898305084746,22,0.10091743119266056,0.0,0.0,0.0,0.0,0.0,0.0,35.0,11.0,2025-08-14,0.9651785714285714,0.7053571428571429,0.6392857142857142,0.9366071428571429,0.0,0.7472321428571429,5.0,Difficult
UA,2616,2025-08-14,ORD,PDX,2025-08-14 12:46:00+00:00,2025-08-14 15:14:00+00:00,2025-08-14 14:25:00+00:00,2025-08-14 17:03:00+00:00,166,B737-800,Mainline,-17,84,51,12,182,3,0,6,1,108,8,0,0,0,0,0,0,146.0,96.0,-68,68,1.0,0.6575342465753424,18,0.0989010989010989,0.0,0.0,0.0,0.0,0.0,0.0,99.0,109.0,2025-08-14,0.9714285714285714,0.7053571428571429,0.5642857142857143,0.9241071428571429,0.0,0.7325446428571429,6.0,Difficult
G7,4389,2025-08-14,ORD,CID,2025-08-14 12:50:00+00:00,2025-08-14 14:04:00+00:00,2025-08-14 14:39:00+00:00,2025-08-14 15:39:00+00:00,50,CRJ-550,Express,-98,31,29,12,51,0,0,1,0,33,1,0,0,0,0,0,0,25.0,24.0,-127,127,1.0,0.96,2,0.0392156862745098,0.0,0.0,0.0,0.0,0.0,0.0,109.0,95.0,2025-08-14,0.9910714285714286,0.7053571428571429,0.9616071428571429,0.3392857142857143,0.0,0.7311607142857143,7.0,Difficult
UA,2254,2025-08-14,ORD,PDX,2025-08-14 09:10:00+00:00,2025-08-14 11:43:00+00:00,2025-08-14 10:00:00+00:00,2025-08-14 12:07:00+00:00,200,A321-2NX,Mainline,30,82,62,9,217,4,0,8,1,134,2,0,0,0,0,0,0,129.0,106.0,-32,32,1.0,0.8217054263565892,15,0.06912442396313365,0.0,0.0,0.0,0.0,0.0,0.0,50.0,24.0,2025-08-14,0.9160714285714285,0.7053571428571429,0.7928571428571428,0.6928571428571428,0.0,0.7241964285714286,8.0,Difficult
OO,5526,2025-08-14,ORD,ATW,2025-08-14 18:05:00+00:00,2025-08-14 19:18:00+00:00,2025-08-14 19:02:00+00:00,2025-08-14 20:11:00+00:00,50,CRJ-200,Express,-30,37,29,18,58,0,0,2,1,35,2,0,0,0,0,0,0,59.0,39.0,-59,59,1.0,0.6610169491525424,5,0.08620689655172414,0.0,0.0,0.0,0.0,0.0,0.0,57.0,53.0,2025-08-14,0.9598214285714286,0.7053571428571429,0.575,0.8517857142857143,0.0,0.7197767857142857,9.0,Difficult
YX,3535,2025-08-14,ORD,MSN,2025-08-14 12:45:00+00:00,2025-08-14 13:54:00+00:00,2025-08-14 12:38:00+00:00,2025-08-14 13:28:00+00:00,76,ERJ-175,Express,47,52,34,12,85,1,0,4,0,55,3,0,0,0,0,0,0,32.0,30.0,13,-13,1.0,0.9375,8,0.09411764705882353,0.0,0.0,0.0,0.0,0.0,0.0,-7.0,-26.0,2025-08-14,0.7303571428571428,0.7053571428571429,0.9392857142857143,0.8964285714285715,0.0,0.7190178571428572,10.0,Difficult
G7,4590,2025-08-14,ORD,MDT,2025-08-14 16:45:00+00:00,2025-08-14 19:52:00+00:00,2025-08-14 17:51:00+00:00,2025-08-14 20:23:00+00:00,50,CRJ-550,Express,-20,45,29,16,60,1,0,3,0,44,2,0,0,0,0,0,0,44.0,28.0,-49,49,1.0,0.6363636363636364,6,0.1,0.0,0.0,0.0,0.0,0.0,0.0,66.0,31.0,2025-08-14,0.9410714285714286,0.7053571428571429,0.5348214285714286,0.9303571428571429,0.0,0.7169642857142857,11.0,Difficult
G7,4458,2025-08-14,ORD,LIT,2025-08-14 12:45:00+00:00,2025-08-14 14:38:00+00:00,2025-08-14 14:21:00+00:00,2025-08-14 16:32:00+00:00,50,CRJ-550,Express,40,30,29,12,56,1,0,3,1,28,1,0,0,0,0,0,0,20.0,16.0,11,-11,1.0,0.8,6,0.10714285714285714,0.0,0.0,0.0,0.0,0.0,0.0,96.0,114.0,2025-08-14,0.79375,0.7053571428571429,0.7616071428571428,0.95,0.0,0.7137053571428571,12.0,Difficult
UA,972,2025-08-14,ORD,BRU,2025-08-14 17:55:00+00:00,2025-08-15 09:00:00+00:00,2025-08-14 18:59:00+00:00,2025-08-15 10:12:00+00:00,318,B787-10,Mainline,155,228,155,17,399,0,0,22,4,198,6,0,0,0,0,0,0,403.0,303.0,0,0,1.0,0.7518610421836228,32,0.08020050125313283,0.0,0.0,0.0,0.0,0.0,0.0,64.0,72.0,2025-08-14,0.8839285714285714,0.7053571428571429,0.7035714285714286,0.8071428571428572,0.0,0.7122321428571429,13.0,Difficult
UA,1564,2025-08-14,ORD,MSP,2025-08-14 20:05:00+00:00,2025-08-14 21:43:00+00:00,2025-08-14 21:32:00+00:00,2025-08-14 22:50:00+00:00,166,B737-800,Mainline,-6,62,51,20,190,3,0,7,1,134,1,0,0,0,0,0,0,151.0,116.0,-57,57,1.0,0.7682119205298014,12,0.06315789473684211,0.0,0.0,0.0,0.0,0.0,0.0,87.0,67.0,2025-08-14,0.9535714285714286,0.7053571428571429,0.7160714285714286,0.6267857142857143,0.0,0.7120535714285715,14.0,Difficult
UA,2177,2025-08-14,ORD,MSN,2025-08-14 14:00:00+00:00,2025-08-14 15:03:00+00:00,2025-08-14 14:09:00+00:00,2025-08-14 15:10:00+00:00,126,A319-100,Mainline,45,56,43,14,128,1,0,2,0,96,3,0,0,0,0,0,0,72.0,71.0,2,-2,1.0,0.9861111111111112,6,0.046875,0.0,0.0,0.0,0.0,0.0,0.0,9.0,7.0,2025-08-14,0.8794642857142857,0.7053571428571429,0.9803571428571428,0.4357142857142857,0.0,0.7103125,15.0,Difficult
UA,2481,2025-08-15,ORD,SYR,2025-08-15 18:20:00+00:00,2025-08-15 21:16:00+00:00,2025-08-15 19:53:00+00:00,2025-08-15 22:39:00+00:00,150,A320-200,Mainline,-56,45,46,18,185,0,0,11,3,113,4,0,0,0,0,0,0,116.0,106.0,-102,102,1.0,0.9137931034482759,18,0.0972972972972973,0.0,0.0,0.0,0.0,0.0,0.0,93.0,83.0,2025-08-15,0.9883093525179856,0.7535971223021583,0.8992805755395683,0.9046762589928058,0.0,0.812185251798561,1.0,Difficult
UA,1616,2025-08-15,ORD,GRR,2025-08-15 19:45:00+00:00,2025-08-15 21:50:00+00:00,2025-08-15 19:51:00+00:00,2025-08-15 21:47:00+00:00,126,A319-100,Mainline,50,85,43,19,134,2,0,3,1,92,7,0,0,0,0,0,0,78.0,74.0,7,-7,1.0,0.9487179487179487,13,0.09701492537313433,0.0,0.0,0.0,0.0,0.0,0.0,6.0,-3.0,2025-08-15,0.8489208633093526,0.7535971223021583,0.9388489208633094,0.9028776978417267,0.0,0.771043165467626,2.0,Difficult
UA,2177,2025-08-15,ORD,MSN,2025-08-15 14:00:00+00:00,2025-08-15 15:03:00+00:00,2025-08-15 14:30:00+00:00,2025-08-15 15:36:00+00:00,126,A319-100,Mainline,9,42,43,14,138,2,0,4,1,99,2,0,0,0,0,0,0,86.0,86.0,-34,34,1.0,1.0,9,0.06521739130434782,0.0,0.0,0.0,0.0,0.0,0.0,30.0,33.0,2025-08-15,0.9244604316546763,0.7535971223021583,0.9919064748201439,0.6276978417266187,0.0,0.7668165467625899,3.0,Difficult
OO,5984,2025-08-15,ORD,BIL,2025-08-15 09:20:00+00:00,2025-08-15 11:36:00+00:00,2025-08-15 10:14:00+00:00,2025-08-15 12:04:00+00:00,76,ERJ-175,Express,-35,35,34,9,91,2,0,5,1,48,0,0,0,0,0,0,0,53.0,43.0,-69,69,1.0,0.8113207547169812,8,0.08791208791208792,0.0,0.0,0.0,0.0,0.0,0.0,54.0,28.0,2025-08-15,0.9622302158273381,0.7535971223021583,0.7616906474820144,0.8426258992805755,0.0,0.7662320143884892,4.0,Difficult
UA,1531,2025-08-15,ORD,DSM,2025-08-15 20:20:00+00:00,2025-08-15 21:47:00+00:00,2025-08-15 21:53:00+00:00,2025-08-15 23:15:00+00:00,150,A320-200,Mainline,45,147,110,20,150,1,0,3,1,95,6,0,0,0,0,0,0,99.0,85.0,-65,65,1.0,0.8585858585858586,11,0.07333333333333333,0.0,0.0,0.0,0.0,0.0,0.0,93.0,88.0,2025-08-15,0.960431654676259,0.7535971223021583,0.8381294964028777,0.7356115107913669,0.0,0.7648381294964028,5.0,Difficult
OO,5668,2025-08-15,ORD,MKE,2025-08-15 14:09:00+00:00,2025-08-15 15:10:00+00:00,2025-08-15 15:45:00+00:00,2025-08-15 16:42:00+00:00,50,CRJ-550,Express,40,24,29,14,53,1,0,2,0,37,2,0,0,0,0,0,0,45.0,47.0,11,-11,1.0,1.0,5,0.09433962264150944,0.0,0.0,0.0,0.0,0.0,0.0,96.0,92.0,2025-08-15,0.7787769784172662,0.7535971223021583,0.9919064748201439,0.8884892086330936,0.0,0.7549460431654677,6.0,Difficult
UA,2039,2025-08-15,ORD,MCO,2025-08-15 17:51:00+00:00,2025-08-15 21:47:00+00:00,2025-08-15 18:08:00+00:00,2025-08-15 22:17:00+00:00,200,A321-2NX,Mainline,72,70,62,17,285,2,0,20,6,113,4,0,0,0,0,0,0,147.0,111.0,10,-10,1.0,0.7551020408163265,32,0.11228070175438597,0.0,0.0,0.0,0.0,0.0,0.0,17.0,30.0,2025-08-15,0.8156474820143885,0.7535971223021583,0.6969424460431655,0.9640287769784173,0.0,0.7201888489208634,7.0,Difficult
UA,1756,2025-08-15,ORD,YYZ,2025-08-15 21:14:00+00:00,2025-08-15 23:58:00+00:00,2025-08-15 21:33:00+00:00,2025-08-16 00:11:00+00:00,166,B737-800,Mainline,54,80,65,21,169,1,0,5,1,113,5,0,0,0,0,0,0,108.0,84.0,-11,11,1.0,0.7777777777777778,12,0.07100591715976332,0.0,0.0,0.0,0.0,0.0,0.0,19.0,13.0,2025-08-15,0.908273381294964,0.7535971223021583,0.7257194244604317,0.7050359712230215,0.0,0.7195143884892087,8.0,Difficult
G7,4613,2025-08-15,ORD,STL,2025-08-15 09:05:00+00:00,2025-08-15 10:40:00+00:00,2025-08-15 09:57:00+00:00,2025-08-15 11:03:00+00:00,50,CRJ-550,Express,-9,29,29,9,57,0,0,3,0,42,0,0,0,0,0,0,0,44.0,37.0,-38,38,1.0,0.8409090909090909,3,0.05263157894736842,0.0,0.0,0.0,0.0,0.0,0.0,52.0,23.0,2025-08-15,0.9289568345323741,0.7535971223021583,0.814748201438849,0.4802158273381295,0.0,0.7108363309352518,9.0,Difficult
OO,5763,2025-08-15,ORD,TUL,2025-08-15 12:45:00+00:00,2025-08-15 14:49:00+00:00,2025-08-15 12:41:00+00:00,2025-08-15 14:45:00+00:00,76,ERJ-175,Express,47,53,34,12,78,1,0,1,0,68,7,0,0,0,0,0,0,64.0,53.0,13,-13,1.0,0.828125,9,0.11538461538461539,0.0,0.0,0.0,0.0,0.0,0.0,-4.0,-4.0,2025-08-15,0.7212230215827338,0.7535971223021583,0.7922661870503597,0.9712230215827338,0.0,0.7072841726618704,10.0,Difficult
UA,972,2025-08-15,ORD,BRU,2025-08-15 17:55:00+00:00,2025-08-16 09:00:00+00:00,2025-08-15 18:18:00+00:00,2025-08-16 09:42:00+00:00,318,B787-10,Mainline,155,186,155,17,396,3,0,20,2,198,3,0,0,0,0,0,0,391.0,291.0,0,0,1.0,0.7442455242966752,28,0.0707070707070707,0.0,0.0,0.0,0.0,0.0,0.0,23.0,42.0,2025-08-15,0.8893884892086331,0.7535971223021583,0.6672661870503597,0.7032374100719424,0.0,0.7009442446043166,11.0,Difficult
UA,1811,2025-08-15,ORD,MSP,2025-08-15 12:45:00+00:00,2025-08-15 14:28:00+00:00,2025-08-15 12:42:00+00:00,2025-08-15 14:13:00+00:00,166,B737-800,Mainline,57,63,51,12,206,2,0,12,2,113,5,0,0,0,0,0,0,240.0,165.0,6,-6,1.0,0.6875,21,0.10194174757281553,0.0,0.0,0.0,0.0,0.0,0.0,-3.0,-15.0,2025-08-15,0.8606115107913669,0.7535971223021583,0.5440647482014388,0.9316546762589928,0.0,0.7004946043165468,12.0,Difficult
UA,1361,2025-08-15,ORD,STL,2025-08-15 21:20:00+00:00,2025-08-15 22:45:00+00:00,2025-08-15 21:38:00+00:00,2025-08-15 22:59:00+00:00,166,B737-800,Mainline,69,52,51,21,174,1,0,12,4,99,2,0,0,0,0,0,0,88.0,81.0,18,-18,1.0,0.9204545454545454,19,0.10919540229885058,0.0,0.0,0.0,0.0,0.0,0.0,18.0,14.0,2025-08-15,0.6393884892086331,0.7535971223021583,0.9100719424460432,0.9550359712230215,0.0,0.6997751798561151,13.0,Difficult
UA,2677,2025-08-15,ORD,IAD,2025-08-15 17:56:00+00:00,2025-08-15 20:55:00+00:00,2025-08-15 18:01:00+00:00,2025-08-15 20:53:00+00:00,176,B757-200,Mainline,46,82,56,17,204,2,0,11,4,124,4,0,0,0,0,0,0,128.0,80.0,-10,10,1.0,0.625,21,0.10294117647058823,0.0,0.0,0.0,0.0,0.0,0.0,5.0,-2.0,2025-08-15,0.9046762589928058,0.7535971223021583,0.4505395683453237,0.9334532374100719,0.0,0.6974820143884892,14.0,Difficult
YX,3402,2025-08-15,ORD,YOW,2025-08-15 18:15:00+00:00,2025-08-15 21:35:00+00:00,2025-08-15 18:30:00+00:00,2025-08-15 21:48:00+00:00,76,ERJ-175,Express,45,33,42,18,75,0,0,3,1,48,1,0,0,0,0,0,0,40.0,38.0,3,-3,0.9868421052631579,0.95,5,0.06666666666666667,0.0,0.0,0.0,0.0,0.0,0.0,15.0,13.0,2025-08-15,0.8803956834532374,0.493705035971223,0.9406474820143885,0.6510791366906474,0.0,0.6926708633093525,15.0,Difficult
